timestamp,bet_return
2022-03-12 01:36:55.154035486,-0.00022563639064043794
2022-03-12 04:38:40.063966207,-0.000201425657461618
2022-03-12 06:17:19.363968655,-0.00034953642325386003
2022-03-12 11:30:11.423342720,0.00020268443156190585
2022-03-13 03:01:49.261939949,-0.0011326661827558704
2022-03-13 05:28:31.587715097,-0.00014476463958712493
2022-03-13 09:10:48.207877621,-0.0003640185882740621
2022-03-13 10:48:49.129064158,-0.00024391861865047382
2022-03-14 20:16:54.110917822,0.004516935014679868
2022-03-15 13:01:18.848666444,-0.0004853264744996144
2022-03-15 16:27:17.158061713,-0.0008177068026062884
2022-03-15 17:39:11.898802392,-0.00035897179009392044
2022-03-15 22:24:33.241830006,-0.00027685840196778333
2022-03-16 01:36:05.534785591,-0.0003327050110143448
2022-03-16 03:28:45.564636081,-0.0013364899232539695
2022-03-16 13:31:42.647149414,-0.0007032819761506603
2022-03-16 22:20:26.328480721,-0.0001323202219962738
2022-03-17 01:10:18.600281097,0.00027358761221285555
2022-03-17 09:34:24.480931215,0.00042961181253797776
2022-03-17 16:59:26.407589778,-0.0005597339608085505
2022-03-18 09:39:15.360687405,0.002592916856805516
2022-03-18 14:27:13.836141244,-0.000995544560392303
2022-03-19 03:54:55.006838597,-0.0003671818953591144
2022-03-19 12:29:30.029663317,0.0012357281266848208
2022-03-19 18:50:30.447385035,-0.00015055829754828665
2022-03-19 22:23:39.470710590,-0.00019168147861037266
2022-03-20 08:58:35.792108320,0.001364242220711187
2022-03-21 01:43:59.547481462,0.0007541177270722343
2022-03-23 04:47:57.279438250,0.00433563741852816
2022-03-23 17:31:03.763614126,0.007256877546143459
2022-03-24 01:52:38.192627050,0.0005812651448862116
2022-03-24 05:09:28.978480227,-0.0005255682860553224
2022-03-24 19:31:42.434075050,-0.0003955854051852503
2022-03-24 23:26:20.169810876,-4.5155312814348925e-05
2022-03-25 08:47:12.116662271,-0.0003985754089600446
2022-03-25 14:49:42.128980234,-0.0009206721737919921
2022-03-26 02:45:02.400552563,-5.7568263235441286e-05
2022-03-26 11:41:25.962804228,-0.000570433983136498
2022-03-26 15:11:12.919767946,-0.0010162057527489665
2022-03-26 21:05:10.754944712,-0.00012675807283102358
2022-03-27 09:12:42.016446687,4.8299565883702655e-05
2022-03-27 11:30:55.299697816,-0.00011519093923550994
2022-03-27 15:40:16.731925964,-0.00026558698008494197
2022-03-27 22:00:30.196716599,-0.00012718627802621452
2022-03-27 22:59:26.847691938,-6.0309970607574925e-05
2022-03-28 01:56:16.229885042,-3.576091938684023e-06
2022-03-28 04:39:38.890606157,7.200766342374543e-05
2022-03-28 08:18:38.693914026,-0.0013789809578231838
2022-03-28 09:55:13.347869024,-0.0013432164520514878
2022-03-28 14:52:04.984429896,-0.0012125069982416026
2022-03-28 16:01:12.621958219,-0.0002143705539666696
2022-03-28 18:36:41.251779333,-0.0002443305521911965
2022-03-29 07:51:07.071287923,0.00010613603594133991
2022-03-29 10:41:58.856909126,-0.00020026362542158171
2022-03-29 15:00:15.981814548,-0.0001791458090607545
2022-03-29 22:04:47.241917305,-2.7426343790382113e-05
2022-03-30 02:05:44.235844687,0.00020558906619339012
2022-03-30 17:05:54.684075542,-5.448844824229582e-05
2022-03-30 22:07:43.039550550,0.00020121930826100254
2022-03-31 22:20:29.484632328,0.001100049426566052
2022-04-01 00:04:45.206064738,5.157564158198014e-06
2022-04-01 00:29:44.270916462,-6.302629193266629e-05
2022-04-01 19:19:40.457614802,0.0030495218734212237
2022-04-02 08:44:22.160893470,0.0016422566876188593
2022-04-02 16:36:23.216044039,-0.0004525659919530911
2022-04-03 17:00:21.910130590,-4.451567247476529e-05
2022-04-03 20:22:59.785551354,-0.000889517457352218
2022-04-04 01:10:30.265042812,-0.0005175482220004524
2022-04-05 01:40:35.796019644,0.0005278154041614691
2022-04-05 07:54:10.925154105,-0.00027255130252268334
2022-04-05 13:08:49.435697637,-0.00041554838462309895
2022-04-05 14:00:38.468295790,-0.00015867004067160462
2022-04-05 17:53:54.913718030,-0.0002656525948785404
2022-04-06 03:51:02.727901712,-2.654079219877037e-05
2022-04-06 10:41:31.156954922,-0.00014345051386921437
2022-04-07 03:41:31.331964374,0.0011705027702253457
2022-04-07 05:02:59.073994212,0.0009497138086829171
2022-04-07 23:44:24.248000577,0.0001525554536001561
2022-04-08 08:20:46.255143210,-0.0014580531925686424
2022-04-08 17:35:59.906099848,9.561541723335232e-05
2022-04-08 21:06:41.955194034,-1.0168359341200528e-06
2022-04-08 22:01:14.392867774,-0.0004539228750668478
2022-04-09 02:48:22.560357779,-0.0010544182128695567
2022-04-09 11:56:54.243435256,-0.0004093568395323599
2022-04-09 19:10:40.930647358,-0.0005051263574625819
2022-04-09 21:45:11.246721432,2.6445922755247153e-05
2022-04-09 22:57:31.403604545,-0.00015773030938404098
2022-04-10 03:07:25.500387542,-0.0009853110565412049
2022-04-10 06:03:41.801350079,-3.7079743218537686e-05
2022-04-10 09:26:28.203938194,-0.00029649955195742983
2022-04-10 13:31:52.490668572,-0.0014589024240991844
2022-04-10 21:07:20.760144852,-0.0008947942389764263
2022-04-11 05:12:17.476989731,0.0014246208515975578
2022-04-11 18:11:52.560053900,-0.0008626044326410787
2022-04-11 23:26:50.225058571,-0.00043993575025280673
2022-04-12 01:34:02.461710155,-0.0001540972302050969
2022-04-12 03:17:46.702419765,-0.0001927567546868847
2022-04-12 11:00:12.723605163,-0.00012859818605348572
2022-04-12 12:30:11.206058227,-0.0003207828676179414
2022-04-13 00:24:34.533375442,0.001205379006556262
2022-04-13 01:29:37.149497628,0.00010458740683305656
2022-04-13 06:03:45.642174937,0.0014896126704639912
2022-04-13 10:46:28.904317595,-0.00039139231490981086
2022-04-13 12:23:48.155570157,2.9140283391182464e-05
2022-04-13 14:50:53.975787431,-0.0001296804199087953
2022-04-13 15:54:02.467805184,3.289001219242138e-05
2022-04-13 16:18:47.313157998,-0.000120274161804379
2022-04-13 19:59:14.243213639,-0.00013231614326503216
2022-04-13 21:40:32.533282720,9.574495558895002e-05
2022-04-14 05:20:37.901896603,-0.0010201034187762303
2022-04-14 06:53:26.512563489,-0.00026881519078447713
2022-04-14 15:04:01.733969286,-0.0002516031432779897
2022-04-14 15:35:42.255870104,-0.0003462831034325431
2022-04-14 18:17:46.929058805,-0.0005103512449793346
2022-04-15 18:58:56.060086735,0.001812844573376049
2022-04-16 05:04:27.957342349,-0.0006519693956987815
2022-04-16 08:35:22.025350817,-0.0006852685618854437
2022-04-16 23:54:52.941462412,0.0021829186326227656
2022-04-17 08:33:13.274744004,5.0972514682667835e-05
2022-04-17 11:58:08.656828851,0.0007291075544058057
2022-04-18 04:03:09.468490377,-6.305562345165772e-05
2022-04-18 14:16:44.655242205,-0.0002573559740689513
2022-04-18 15:48:44.748086639,1.2016900950984066e-05
2022-04-18 16:58:36.865546249,0.0001467943482791334
2022-04-18 18:32:28.284991786,-0.00012707159986591332
2022-04-19 08:06:10.827620648,0.00033979710171161415
2022-04-19 23:09:09.301126175,0.00014129099049253746
2022-04-20 03:02:01.616332971,-0.0006519744938465744
2022-04-20 14:43:18.833938144,0.0007314457531140128
2022-04-21 04:03:54.349373318,0.0020549059553733873
2022-04-21 16:13:54.353492014,-0.0010150503248869125
2022-04-22 14:58:51.621437632,0.0026004652974644937
2022-04-22 23:23:28.456400745,-0.0009087551209681077
2022-04-23 14:17:02.775250554,-0.0005282827315732375
2022-04-24 02:55:17.092133589,-0.0001977848441281349
2022-04-25 02:56:22.124146774,0.0005672541573062961
2022-04-25 07:19:37.859104946,0.001352628016530577
2022-04-25 10:40:42.704936944,0.0003997666088273455
2022-04-25 13:02:53.171709418,-0.0008596749846241369
2022-04-25 19:16:15.317538962,-0.0005754529488113391
2022-04-26 01:07:56.896407671,-0.00026082229636070764
2022-04-26 18:19:16.222918496,0.000834419905425543
2022-04-26 20:40:23.651874103,-0.0004377395201723422
2022-04-27 00:13:19.911004372,-0.0005186432059326451
2022-04-27 01:23:51.400931649,7.757880921643867e-05
2022-04-27 16:20:26.477874659,0.002265728976757586
2022-04-27 17:50:49.427891947,-0.00021685189490716628
2022-04-27 22:32:46.342665233,-0.0006367575132080194
2022-04-28 01:13:09.197177880,-0.0008521092577350453
2022-04-28 07:51:07.056325659,-0.001471691180198298
2022-04-28 12:39:48.732921667,8.6137183526791e-05
2022-04-28 14:13:11.391093120,-0.000140383472802319
2022-04-29 05:28:28.994358256,0.0001990888409164615
2022-04-29 05:49:06.988591857,-0.000181396062358119
2022-04-29 11:36:16.072645821,-0.0003251541801330138
2022-04-29 12:27:16.238392673,-0.00019957958662508712
2022-04-30 04:47:35.293556154,0.0023862954019335803
2022-05-01 00:28:01.145247810,0.0011094205442816474
2022-05-01 12:42:27.242558576,-0.0006920962359894256
2022-05-01 14:25:36.861944884,-0.002144020313023187
2022-05-02 07:49:16.930275187,0.00048430280305478135
2022-05-03 08:35:43.716827638,0.0011649735982262044
2022-05-03 10:58:44.396771789,-4.509610110747797e-05
2022-05-03 14:15:32.730494894,-0.0003409516809668167
2022-05-04 04:03:49.139188379,-0.0006194566200452556
2022-05-04 10:53:49.246930845,-0.0005760349569132739
2022-05-04 15:32:46.483864397,-0.0012055962971628809
2022-05-04 20:32:40.481802613,-0.0007205882799244945
2022-05-05 00:11:41.501392886,0.0012953323472248979
2022-05-05 04:46:03.800435945,-0.0004505140088980619
2022-05-05 13:51:16.154329091,0.00045730418478417967
2022-05-05 22:09:20.012949549,5.697405936211375e-05
2022-05-06 04:20:28.672294363,-4.219312647468776e-05
2022-05-06 10:49:42.997202806,-0.00040867890936990836
2022-05-06 20:26:26.820576206,-8.522916044961804e-05
2022-05-06 23:12:15.689327903,4.984834214294409e-07
2022-05-07 00:30:32.482800111,3.2568300138091644e-05
2022-05-07 07:13:19.799941964,-0.0008284662458771797
2022-05-07 10:17:59.519184224,-0.0008518060929717519
2022-05-07 14:27:18.656989440,-0.0010520539135362439
2022-05-07 19:17:00.465127550,-0.00015060049036164092
2022-05-08 02:31:00.115813561,-0.0001391482743529071
2022-05-08 06:35:10.275964193,-0.0001866024671652866
2022-05-08 12:46:09.796655744,-0.0005064960813049302
2022-05-09 04:36:11.093232885,0.0010654676487855674
2022-05-09 08:55:27.587627985,-0.0003340730154020033
2022-05-09 22:52:28.605818905,-0.0004586085322390021
2022-05-10 01:37:20.490009576,0.00012108135512267637
2022-05-10 05:31:47.420322865,-6.913803822095055e-05
2022-05-10 10:44:21.158031449,-0.0004333489791427114
2022-05-10 19:10:05.609425023,-0.0002213634444605539
2022-05-11 02:41:02.369525775,0.0002507158509166274
2022-05-11 08:10:36.258849337,-0.0005669805515261528
2022-05-11 10:27:29.124890767,-0.00017198967682596766
2022-05-11 12:02:19.168161169,-0.00018845815644707997
2022-05-12 04:18:30.399551734,-0.0003915988511572488
2022-05-12 12:43:05.209535457,0.0015815005811250504
2022-05-13 15:08:52.487884715,0.0018968945017983074
2022-05-14 04:54:03.141145863,-0.00024020412039471584
2022-05-14 08:18:40.442707494,-0.001098213373234902
2022-05-14 16:59:41.261733413,-7.152199964122197e-05
2022-05-15 10:08:12.435872853,0.004082759160690674
2022-05-16 13:09:55.517054737,0.0005506508817951783
2022-05-16 22:51:37.095369391,-0.0004760378085686412
2022-05-17 07:08:28.475202389,-0.00036787575079255674
2022-05-17 09:24:15.948110335,-8.473570726497126e-05
2022-05-17 19:23:49.411374740,-0.0004323412406477267
2022-05-17 20:16:15.411322415,-0.00012087948914052404
2022-05-17 21:51:09.842987336,-7.641141862224643e-05
2022-05-18 13:26:47.695252955,0.0008269021451297043
2022-05-18 16:42:44.842581622,-0.0005740818036480411
2022-05-18 23:04:26.706528634,0.0012520190469011983
2022-05-19 05:29:38.533803053,0.0006557334252812463
2022-05-19 20:37:41.132490933,0.002580331728408325
2022-05-19 22:55:24.982854575,-0.00023619424874532502
2022-05-20 09:05:48.769298337,-0.0011187136427380784
2022-05-20 11:59:02.519244477,-5.854908084512722e-05
2022-05-20 20:20:30.881229788,-0.000897482390275206
2022-05-21 03:42:32.078570500,-0.0004165569202505548
2022-05-21 05:13:11.322520293,2.873845574469236e-05
2022-05-21 11:29:25.637944840,-0.0014404914144043879
2022-05-21 13:38:36.642912641,-0.0001440112508933611
2022-05-21 15:58:04.176958010,-0.00010836451336759811
2022-05-22 04:17:43.593938626,-0.00028267511127899603
2022-05-22 05:57:02.753973179,-0.0005529844001866957
2022-05-22 07:09:12.386246331,-0.000320051410065747
2022-05-22 14:26:02.449057661,-0.0013738013601792831
2022-05-22 22:23:03.706111491,-0.0010510703567574442
2022-05-23 02:06:49.701080821,-0.0006803275590008262
2022-05-23 04:42:44.047370248,-0.00027371152354360717
2022-05-23 18:38:19.455028139,0.0025448307197046827
2022-05-24 09:25:07.538406894,-0.0009120548287999686
2022-05-24 11:25:03.612675384,-0.0006246461913599344
2022-05-24 20:14:04.939981923,-0.00031337816207543945
2022-05-25 00:28:56.597347468,0.0001769613630795419
2022-05-25 04:40:52.375242613,-0.00013179553694142587
2022-05-25 06:55:10.597796448,-0.0004987552641112503
2022-05-25 07:54:01.022018485,-5.05647729923675e-05
2022-05-25 11:16:14.696654715,-8.649040281083487e-05
2022-05-25 16:03:05.369054489,-0.0002723943484356228
2022-05-25 22:56:45.388059072,0.0009014730942780158
2022-05-26 00:46:16.330018036,5.168673683431102e-05
2022-05-26 04:01:29.782386355,-6.04726176339776e-05
2022-05-26 04:39:44.931328885,4.03129692874149e-05
2022-05-26 08:32:28.711999409,0.00034798850785300317
2022-05-26 23:03:20.821571305,-0.0012543917096625723
2022-05-27 05:05:12.299382843,-0.0002602024394648961
2022-05-27 11:30:58.575047538,-0.00041194558084090005
2022-05-27 17:11:52.742627606,-0.0005691213201000078
2022-05-27 18:05:12.102436014,5.942135603076437e-05
2022-05-27 19:36:32.375906065,3.768950006266536e-05
2022-05-27 20:46:20.352618985,-0.00016283031898323141
2022-05-28 02:56:30.688049361,0.00043911987984324163
2022-05-28 09:28:09.981013030,0.0017703517141978153
2022-05-28 21:42:33.180486120,0.003409488269936478
2022-05-29 01:57:15.904863678,-0.00020838591489924507
2022-05-29 07:23:01.898149595,-0.00025328993930651134
2022-05-29 10:48:29.202519983,-0.00010300244770200528
2022-05-29 12:45:16.787390657,5.779895929136636e-05
2022-05-29 16:53:57.569554947,0.00044766902134951714
2022-05-29 22:22:09.906146199,6.802212452350354e-05
2022-05-30 03:11:28.656903557,-0.0011005101039139875
2022-05-30 08:17:00.434075519,-0.0006308624529136608
2022-05-31 03:15:09.302465856,-0.0012111854419428747
2022-05-31 06:02:49.361039653,-0.0004984165261265883
2022-05-31 14:23:32.606256410,-0.00012362187527259483
2022-05-31 15:07:34.411158510,6.779756624997191e-05
2022-05-31 17:27:01.167401567,-0.0006727254452334464
2022-05-31 19:32:23.104501523,-0.00027085406511517807
2022-06-01 04:41:44.074857317,-0.0005691590865133378
2022-06-01 11:52:51.154692806,0.0033368908163458055
2022-06-01 15:39:25.199516878,0.00014623944690361768
2022-06-01 18:43:38.971844263,4.901032561854812e-05
2022-06-02 01:54:50.016374774,-0.00042563347373814064
2022-06-02 03:40:01.335943982,-0.00012543632011652317
2022-06-02 08:24:28.466124967,-0.0007151127065062601
2022-06-02 10:09:18.627580121,-0.0007507886857359702
2022-06-04 18:44:50.582258657,0.004750997503810694
2022-06-05 16:55:08.069275506,0.0016231951444554138
2022-06-05 19:17:25.387989193,-0.0004826991089256216
2022-06-05 22:34:51.919621564,-0.0008682541772465635
2022-06-07 00:00:49.591497496,0.0015575005989509894
2022-06-07 14:42:46.670125671,7.261786212731103e-05
2022-06-07 16:39:21.844392262,0.0001802584157584164
2022-06-08 02:31:16.998196416,-0.0004732005263027306
2022-06-08 09:20:26.689857535,0.0004331142445825886
2022-06-08 17:49:31.513659000,-0.000833935578738898
2022-06-08 20:51:42.336275339,-0.0001760560908430353
2022-06-08 23:31:33.717289813,-0.00037234880425240924
2022-06-09 02:35:18.038585581,-0.0013363606376104453
2022-06-09 17:40:46.920766816,-0.00042377792348102794
2022-06-09 19:59:19.053557597,-0.00013503973531658886
2022-06-09 20:57:12.847509712,-0.00016131247685502448
2022-06-09 22:23:39.820053197,-8.586260733101092e-05
2022-06-11 05:43:40.109744772,0.0029282119317990407
2022-06-11 09:49:31.492392749,-7.892032011302952e-05
2022-06-11 10:42:44.878341801,8.785117160825529e-05
2022-06-12 11:55:48.926463671,0.004748169758199694
2022-06-12 19:59:52.300598703,-0.00047531340566020486
2022-06-13 05:02:55.810770705,-0.0004897192208659362
2022-06-13 15:23:22.731765918,-0.000561215596570297
2022-06-13 17:11:03.970396854,-0.0007687790640612535
2022-06-13 22:05:36.056008950,0.0004318890357266625
2022-06-14 01:20:29.679862045,-0.0004071344244147568
2022-06-14 22:17:33.450770348,0.002007455477889941
2022-06-15 10:23:25.161722295,0.0014398551089607192
2022-06-15 11:57:39.683272399,-7.919333629979874e-07
2022-06-15 16:07:25.246472299,-0.0001025941682872844
2022-06-15 19:34:36.997141033,-0.0001386928680412458
2022-06-16 09:49:49.798937336,-0.0005302656431823705
2022-06-16 18:58:30.444630504,0.001006652930571228
2022-06-17 02:50:22.857062936,-0.0002986681886989473
2022-06-17 10:45:02.033815078,-0.0006379496187857159
2022-06-17 14:12:53.860313974,-0.00025217232181651283
2022-06-17 19:15:34.302346475,-0.0008746540231849842
2022-06-17 21:09:59.898538269,-0.0002763342495382126
2022-06-18 00:51:40.671168484,0.00011733608931652206
2022-06-18 13:59:44.195975408,-1.1630073159074605e-05
2022-06-18 16:37:37.229774743,-0.0003856403200100944
2022-06-18 18:32:52.593928829,8.541348589496955e-05
2022-06-18 20:26:30.399883196,-0.0009611900911447036
2022-06-18 21:32:05.497211777,-0.0005304528116413243
2022-06-19 03:24:37.108397722,-0.00021991714761926406
2022-06-19 08:21:46.496989518,0.0004598669147035661
2022-06-19 09:35:15.066787057,-0.0006884237734116061
2022-06-19 14:08:08.477710992,-0.0014952192245782925
2022-06-21 10:54:46.226634875,0.005115943042495852
2022-06-21 21:11:35.024734437,-0.00024153673674376375
2022-06-22 02:54:12.436814174,0.0010294242335757708
2022-06-22 15:01:05.496183164,0.0002414045210457072
2022-06-22 15:54:10.564506344,3.8175990414002214e-05
2022-06-22 17:10:47.423604518,-0.0009268270570558235
2022-06-23 12:00:20.901061080,0.00046883344898640544
2022-06-23 22:08:59.368052654,0.00029298764212870587
2022-06-24 09:10:04.088197276,9.453024457450887e-05
2022-06-25 01:23:17.760867216,0.000875778814031225
2022-06-25 03:44:01.013216242,-0.00011634742207999871
2022-06-25 07:47:16.621167868,6.282114293432173e-05
2022-06-25 10:06:13.238929957,-0.00018821217970899085
2022-06-25 18:42:34.430414744,-0.0006405204898185524
2022-06-25 23:32:04.499798283,-0.000531798740209366
2022-06-26 03:23:22.014549091,-0.00011585053161922154
2022-06-26 07:40:11.897674508,-8.848719923659765e-05
2022-06-26 12:19:30.352455735,-0.000791255928533463
2022-06-27 08:33:43.645135015,0.004942015698095492
2022-06-27 22:42:44.107274391,-8.270826660794484e-05
2022-06-28 06:10:26.646309659,-0.0002625764039767553
2022-06-28 19:17:29.630066492,0.000618842997224478
2022-06-29 00:48:21.470167682,-0.0006001192770128672
2022-06-29 17:52:30.512876153,-0.0002349390506043436
2022-06-30 00:31:18.678184189,-0.000962525465000752
2022-06-30 01:57:17.208059035,-0.0002376804931470966
2022-06-30 13:08:50.997872442,0.00017649057474744545
2022-06-30 16:59:58.074002422,-0.00014530323504380327
2022-07-01 12:32:22.979833014,0.0008980092684167662
2022-07-01 14:53:57.146772251,-0.0001702599154668194
2022-07-02 10:49:53.283002250,-0.0004832382670346691
2022-07-02 16:07:52.926789351,0.00011208398069784131
2022-07-02 18:34:22.535866513,-0.00014439343389760495
2022-07-03 03:08:01.167496629,-4.3829210286783216e-05
2022-07-03 10:41:54.880994372,-0.0005148411137410047
2022-07-03 15:17:47.494967856,0.0009884798630959146
2022-07-03 16:38:47.771442041,5.74774977990522e-05
2022-07-04 04:33:28.089342959,-0.0007241572266659668
2022-07-04 13:59:50.456517443,5.2147016170733806e-05
2022-07-04 18:24:42.434111238,-0.0004575477978612241
2022-07-04 22:11:43.335135356,-0.0003315799943610642
2022-07-04 22:53:05.032540344,-0.00017178855522304026
2022-07-05 11:05:43.172558501,-0.0002207884656248993
2022-07-05 18:41:02.917959422,-0.001686261873792616
2022-07-06 10:58:34.954684682,0.004422511666057671
2022-07-06 12:16:52.672280431,-0.0002197841906209641
2022-07-06 18:34:01.959387027,0.0008906807247226478
2022-07-06 20:29:22.021287866,0.00017029017113912026
2022-07-06 23:47:09.314573281,-0.0015525777484954872
2022-07-07 13:59:42.192026757,0.0021075341718457263
2022-07-07 18:33:12.190400682,-0.0004992666120119393
2022-07-08 06:38:34.890051410,0.0008803335449993899
2022-07-08 08:49:53.727003641,-0.00012486478564277537
2022-07-08 15:01:41.505772240,-0.0011166132460046496
2022-07-09 02:13:01.972337276,0.001084787864043868
2022-07-09 09:27:26.020970784,-0.0007550363382465841
2022-07-09 14:36:34.306608751,-8.22482112661227e-06
2022-07-09 15:53:56.646624334,7.63559348353482e-05
2022-07-09 20:21:15.710463665,-0.00023956466813124244
2022-07-10 00:51:54.598815903,-0.00020043556711080157
2022-07-10 07:12:40.236117177,-0.00010909961376170951
2022-07-10 08:27:35.237103611,-7.062139108893195e-05
2022-07-10 11:30:13.331660777,-0.0008670239940773428
2022-07-10 12:13:53.641859017,-0.00014328211483127795
2022-07-10 13:24:11.187633604,-0.00021743973170007536
2022-07-11 04:04:22.639648229,0.0025014213426799436
2022-07-11 06:24:33.753657639,-0.00018883038726458246
2022-07-11 14:07:36.747128353,7.63730830710685e-06
2022-07-12 08:22:01.472097389,0.00026700652545330605
2022-07-13 06:14:58.837577030,0.0009247354610735226
2022-07-13 14:32:47.017421104,-3.882643188302115e-05
2022-07-13 17:03:21.674880683,-0.0007430179011629345
2022-07-14 01:56:43.044780761,-0.00028889494708961294
2022-07-14 13:07:26.773995288,-0.0006557895316333662
2022-07-14 16:06:04.020705514,-0.0009982699804552686
2022-07-15 12:25:06.088443048,-7.526915802080758e-05
2022-07-15 15:47:48.056351341,7.888086988327991e-05
2022-07-16 07:03:41.895778790,0.0035800889118926538
2022-07-16 07:57:03.261511280,-1.884706787103063e-05
2022-07-16 19:02:35.874795817,0.0010403365269566756
2022-07-16 23:06:35.766927563,-0.00024288081399315153
2022-07-16 23:57:52.984902397,-0.0001311903133244252
2022-07-17 16:31:39.604284152,8.779087668586705e-05
2022-07-17 18:38:18.306550100,4.7253998899154936e-05
2022-07-17 20:03:47.163169295,6.788714468775048e-05
2022-07-17 22:42:55.510437138,8.294774010186856e-05
2022-07-18 11:49:24.344771050,0.00284669757454159
2022-07-19 11:05:38.750516817,0.00037046416722819053
2022-07-19 19:42:52.855772413,-0.0008020245361340939
2022-07-19 22:51:50.735315837,-0.0003407867126600239
2022-07-20 00:05:53.528464846,-0.0002734135025085349
2022-07-20 03:34:31.209011942,-0.0017067974504237915
2022-07-20 22:43:40.531029686,0.00044577559621283847
2022-07-21 01:09:37.029115409,-0.0007357641210955501
2022-07-21 08:00:40.813651197,0.00031433570099914654
2022-07-21 11:41:06.450678885,-0.0007550582599885614
2022-07-21 16:32:50.114936866,-0.00023970226373970505
2022-07-22 14:24:10.167551450,0.0064941010707111335
2022-07-23 08:17:08.847754471,0.0005375811892482929
2022-07-23 13:59:32.510222986,-0.00018296946835305583
2022-07-24 02:00:17.669445895,-0.0004388145946101485
2022-07-24 16:07:04.688538596,0.002119064137138471
2022-07-24 22:34:20.315968007,-0.0005169648801078841
2022-07-25 09:15:12.737254441,0.00041278108492237564
2022-07-25 14:03:38.477174342,-0.0007000346880449149
2022-07-25 16:03:42.434086256,-0.00016100310760869263
2022-07-25 20:11:36.413987458,-0.0001883020538600011
2022-07-26 02:28:47.232888512,-0.0004687916318644181
2022-07-26 22:39:43.736364700,-0.0006124841688412985
2022-07-27 03:02:30.981910773,-0.0006846057615425005
2022-07-27 10:35:47.779061764,0.0005330239385732405
2022-07-27 12:29:18.392774664,-0.000302535370894752
2022-07-27 14:47:57.321548440,-0.00025253511229017533
2022-07-27 21:50:05.088595614,-0.0002711303641926843
2022-07-28 01:03:36.871206127,-0.0006229240149335791
2022-07-28 05:41:13.251445576,0.0002101312497746477
2022-07-28 13:08:52.717174158,-0.0004879554519094942
2022-07-29 00:26:59.404544309,7.31032948502186e-05
2022-07-29 12:39:30.342681557,0.0016335808076071157
2022-07-29 13:25:26.108549908,-9.817563290581699e-05
2022-07-31 07:14:01.989117771,0.0013008138705690175
2022-07-31 08:34:46.308140330,-0.00016313664132971972
2022-07-31 12:05:41.391512588,-0.00012284198472989338
2022-07-31 15:26:45.943264291,-0.0001290023518193406
2022-08-01 03:39:19.827801153,0.0006070155583282055
2022-08-01 10:41:01.057274394,0.0007455173937087611
2022-08-01 15:58:54.096301220,0.00036184821148110835
2022-08-02 02:44:04.158159159,0.0010556750823724759
2022-08-02 03:46:08.127331853,-0.0001700192947166057
2022-08-02 14:44:56.630619735,0.0007892412701206997
2022-08-02 17:04:56.204277009,-0.0001557937147376176
2022-08-02 19:10:11.302920386,0.00013411200808799428
2022-08-02 20:06:00.073739976,0.00013947275738779297
2022-08-03 00:35:47.451771729,-0.0005784677901596869
2022-08-03 00:54:59.466499515,-0.0005014463583389306
2022-08-03 12:26:09.329408616,0.0008029502100856956
2022-08-03 16:25:06.806620792,-0.0008735306123632824
2022-08-03 18:51:49.955787063,-0.00013304077150122495
2022-08-04 05:09:53.594491780,0.00019547352227977655
2022-08-04 10:40:50.630439624,-0.00025845641871480307
2022-08-04 13:46:36.969811261,-0.000749821288158925
2022-08-05 00:11:57.963385388,0.0015917057313243888
2022-08-05 04:10:44.495905928,-0.0002892619839843791
2022-08-05 20:04:14.238350749,0.004497893568562228
2022-08-06 04:14:00.734382965,0.0012136998965528445
2022-08-06 09:01:35.369155943,-0.00022167497040559425
2022-08-07 01:23:35.449549414,0.0017058540928256427
2022-08-07 03:05:29.551629134,-0.0001610327959997715
2022-08-07 06:23:08.236555405,0.0004005171494829707
2022-08-07 12:33:19.520748891,-0.0005874909820072771
2022-08-08 00:25:50.546686225,-0.00143785133507357
2022-08-08 08:20:12.853431337,0.00017039574375266042
2022-08-08 09:53:39.005791761,-0.0002017596646914921
2022-08-08 14:46:10.129723555,-0.0005837836946608332
2022-08-09 10:24:05.697005533,0.0012463851496129497
2022-08-10 03:27:24.850919597,0.0016757056517626712
2022-08-10 21:45:37.767677344,0.002086912711756206
2022-08-11 00:27:07.759118468,-0.00021363454331868592
2022-08-11 05:49:15.592948489,-0.000344370416109574
2022-08-11 10:56:57.118276104,-0.0007637633702805013
2022-08-11 23:29:14.297730386,-0.0004119633194435979
2022-08-12 00:55:33.280530423,-0.00016021709201197165
2022-08-12 21:13:54.033725768,0.00048345992556364514
2022-08-13 17:55:29.994267352,6.19360327953622e-05
2022-08-14 00:24:55.734797210,-0.001330499869066304
2022-08-14 02:28:33.218341775,-0.0008747836844822388
2022-08-14 03:28:43.948023893,-0.0002105059219734695
2022-08-14 21:13:42.934154473,0.002186311875763902
2022-08-14 22:45:52.815049618,-0.00021684338747995913
2022-08-15 02:09:45.432421021,-0.000841699312004951
2022-08-15 04:30:09.117384493,4.9418441181003914e-05
2022-08-15 09:57:39.465377010,-0.00012250046209405507
2022-08-15 11:58:43.766181134,-1.1943309774720134e-05
2022-08-15 15:12:13.618416138,-4.000765608314083e-05
2022-08-16 00:57:02.371412508,-0.0005477279194141538
2022-08-16 15:04:10.760087207,0.0009491185732186658
2022-08-17 18:59:51.445869550,0.0009965189658662776
2022-08-17 23:44:31.013177849,-0.0002629859426636072
2022-08-18 08:32:47.381772071,-0.00045982443687708763
2022-08-18 21:15:11.187447950,0.00017030512623850136
2022-08-19 16:04:49.840621345,-0.000608450871355859
2022-08-20 14:19:15.265733971,0.00020088213714597458
2022-08-20 22:26:32.336940087,0.0013131684777121233
2022-08-21 00:43:54.800485127,-0.0003730999461244444
2022-08-21 17:09:56.958957277,0.0005804570736374082
2022-08-22 00:59:39.166147076,-0.0006051850640718115
2022-08-22 12:45:11.785372443,-0.0010748680756338391
2022-08-22 17:37:28.995194040,-0.0004032995430994779
2022-08-22 21:44:59.029052660,-0.00030095469585245116
2022-08-23 17:25:28.838252708,-0.0008852378417214535
2022-08-24 13:43:11.782003015,0.0011492935512462665
2022-08-24 19:31:03.270133920,-0.0006972132940535891
2022-08-25 00:09:49.682086930,-0.0010151099821932297
2022-08-25 04:04:57.308009669,0.00013964931428578353
2022-08-25 07:09:22.938515872,-0.0016921397856340947
2022-08-25 19:36:27.724626377,0.002563185249947697
2022-08-26 08:29:59.457001634,0.0007953768588295773
2022-08-26 16:42:37.836774424,-0.0004826769471913961
2022-08-26 23:28:05.865248963,-0.0007901510531925782
2022-08-27 02:36:52.504576661,-0.00017128167256130755
2022-08-27 06:20:37.125031210,-0.00025820245539009967
2022-08-27 09:28:10.779931210,-0.00017830609153413057
2022-08-27 11:53:57.624089763,-0.0003129815197373542
2022-08-27 22:41:50.916063733,0.0011747621864242053
2022-08-28 07:01:05.747533292,0.0052512336773713475
2022-08-28 11:02:10.247870781,-0.0002461624642832172
2022-08-28 21:28:41.258641161,-0.00021002780059953263
2022-08-28 23:18:41.682242632,-0.0002352850582981736
2022-08-29 08:26:11.566204794,-0.0007789146205493536
2022-08-29 13:05:01.376708522,9.17510412714595e-05
2022-08-30 02:21:32.423119150,-0.0010136906724829142
2022-08-30 03:40:17.722464211,-0.00016587884465268932
2022-08-31 03:33:45.634009629,-0.00025496841629257805
2022-08-31 15:07:57.150537796,0.0023038475555317017
2022-08-31 21:42:41.516686432,-0.0006042695116281749
2022-09-01 11:20:00.699000530,0.00509120870597779
2022-09-01 15:36:41.457111739,0.00032066933390328956
2022-09-01 17:47:10.155172676,-0.0002355884388277607
2022-09-02 09:00:52.523140155,0.0015642193537286353
2022-09-02 14:28:44.585946746,0.00031688158218279305
2022-09-02 20:09:41.546323687,-0.000624727957378779
2022-09-03 05:58:22.255104102,-0.0017633420150479084
2022-09-03 23:51:23.951894961,0.00025334081352723636
2022-09-04 07:48:19.388886489,-0.00036541768246045603
2022-09-04 14:09:47.965096526,-0.0014930644732806808
2022-09-04 20:21:38.714197703,0.0009927291767803936
2022-09-04 21:32:24.071127452,-0.0003248139717920706
2022-09-05 16:47:34.664433636,0.00125047730638439
2022-09-05 21:09:36.128270507,-0.00023847711654945147
2022-09-06 00:31:07.918250337,-0.0005083529817030419
2022-09-06 10:14:34.063785075,-0.00012683002534530363
2022-09-07 04:41:39.549615920,-0.0004391416561233541
2022-09-07 09:50:41.929996699,-0.0006548745038134074
2022-09-08 00:35:12.753710330,0.0005461292414095098
2022-09-08 17:03:58.933197029,0.0009559459171939455
2022-09-08 20:40:57.547205865,6.003919534247615e-05
2022-09-09 00:05:46.598958142,-0.00037992942741704727
2022-09-10 06:14:21.050040647,0.0011069497934999006
2022-09-10 14:59:26.202750102,0.0008404918386879512
2022-09-11 00:17:47.186710157,0.0021809569987503163
2022-09-11 01:32:23.210087284,-0.00017405063029996004
2022-09-11 02:22:23.931727260,-0.0002972846994948597
2022-09-11 07:15:26.680892415,-0.000894954566057149
2022-09-11 08:34:07.907145977,4.397841504966138e-06
2022-09-12 15:45:10.457061253,0.003915943801514166
2022-09-12 16:17:57.866664603,4.782060582098069e-05
2022-09-13 01:21:35.735639498,0.0006787384449742362
2022-09-13 01:51:07.363840662,4.783705529920468e-06
2022-09-13 06:31:45.251676968,-0.0014323236769208103
2022-09-14 03:38:20.114097670,0.00047982385479183876
2022-09-14 11:17:57.839774877,0.0018423747853109074
2022-09-14 11:58:09.033213869,-0.0003328947060279308
2022-09-14 14:31:00.464480385,-0.00010431706675773089
2022-09-15 00:11:40.655758493,-0.0007095862964763278
2022-09-15 06:38:19.278282568,-0.0011925797901838342
2022-09-16 07:36:35.289564461,0.002360101127891312
2022-09-16 17:44:00.614535771,0.000695769362217602
2022-09-16 22:38:12.154889479,-0.00012596254088759196
2022-09-17 11:31:35.040384740,0.0006135986832356277
2022-09-18 11:20:22.692912437,0.0024024350967195574
2022-09-18 13:51:32.377048649,-0.00022543627825277746
2022-09-19 02:25:05.364356525,-0.00016069949592512067
2022-09-19 05:53:18.220664449,-2.8492896984255722e-05
2022-09-19 10:32:24.415790655,-0.00010129876654174641
2022-09-19 14:37:33.800941929,0.0001619806375321442
2022-09-19 19:44:05.302091822,-0.0003232214966366609
2022-09-19 20:17:02.787066363,6.981238890557684e-05
2022-09-20 18:28:03.621942475,-0.00010548361873852219
2022-09-20 21:33:53.319165021,-9.379015760668796e-05
2022-09-21 16:31:46.336531043,-4.1320598717087265e-05
2022-09-21 21:34:55.942917705,-0.00015337622712696675
2022-09-21 23:52:02.839900628,-0.0005755082741035755
2022-09-22 02:06:56.213355877,-0.00030371829984254806
2022-09-22 05:35:04.551001728,0.0006417499633779578
2022-09-22 07:06:46.989330195,-0.0008518303185475196
2022-09-22 12:10:23.030698828,-0.0007185201100721184
2022-09-22 21:19:37.207970336,0.0016775271270799141
2022-09-23 06:02:16.849134929,-0.0005215172370968135
2022-09-23 15:04:16.870124198,-0.001213949070565823
2022-09-24 00:34:01.478091724,-0.0003921773494761638
2022-09-24 05:39:16.502917252,-0.0005637953486565817
2022-09-24 07:35:03.842428289,-0.0006356069449746649
2022-09-24 15:34:24.305650145,0.0002551766256311261
2022-09-25 01:26:18.917170100,-0.0004993730397574447
2022-09-25 18:59:27.914660133,0.0018122471331083467
2022-09-25 21:59:56.773566678,-0.0004442242056081902
2022-09-26 08:50:17.789711773,0.0009646598370456339
2022-09-26 12:45:38.523564390,-0.0010745420170201747
2022-09-26 17:47:55.932330750,0.0016006100790921796
2022-09-27 08:14:01.861335769,0.00037462784343533784
2022-09-27 11:43:16.662731923,-0.00016968122109595196
2022-09-27 12:10:40.900531277,-0.00017538941141814757
2022-09-27 13:10:19.340526097,-0.0001714080407982932
2022-09-27 22:10:17.478042461,0.00022997433776983378
2022-09-28 10:27:58.323266245,-0.00023969594289485752
2022-09-28 13:58:25.128902875,-7.676457933392111e-05
2022-09-28 14:38:26.767950684,2.1464412172989e-05
2022-09-29 01:10:28.648446172,-0.0006242809865402155
2022-09-29 07:55:55.439284928,0.00043307425941208066
2022-09-30 02:15:43.937205434,0.003606115996629633
2022-09-30 05:59:24.402795844,6.087416131039802e-05
2022-09-30 09:35:05.996621035,1.7632165376868514e-05
2022-09-30 11:28:10.223942921,0.00012827306112961345
2022-09-30 18:13:25.835379079,-0.0002979530980256051
2022-10-01 02:32:21.320863552,-0.0007295618989783259
2022-10-01 12:05:03.134987719,-0.00039468790338315074
2022-10-01 21:37:46.160897329,-0.0008384296023196125
2022-10-01 22:33:46.959192969,-0.00047422063904534184
2022-10-02 13:11:50.875858903,0.0007320732243671912
2022-10-04 05:01:25.425207973,0.003099693632238276
2022-10-04 09:46:17.196605027,0.0002526922262577891
2022-10-04 19:23:51.777101301,-0.00032756318025284337
2022-10-05 11:11:03.071992606,0.002210958447437017
2022-10-05 13:33:47.401994884,-0.00038436703445421383
2022-10-05 22:59:47.353400879,-0.0025711265174428455
2022-10-06 12:37:51.950251415,-0.0008810172750584044
2022-10-06 14:35:55.019053102,-0.0002193934709262546
2022-10-06 16:18:45.505525923,-0.0001866812522155481
2022-10-07 14:47:03.537668318,0.00033370752677019944
2022-10-08 02:27:06.034897499,-0.0008580011441012836
2022-10-08 07:14:28.141308084,-0.0008579065838719702
2022-10-09 00:23:54.476345889,0.0025130080919015807
2022-10-09 06:41:22.518967599,-0.0008622671506203217
2022-10-09 07:23:05.521220892,4.122725707689234e-05
2022-10-09 10:09:26.643880188,-0.0008980867764505351
2022-10-09 12:46:37.621906258,-0.0008690996919572536
2022-10-10 12:12:39.112893187,0.003849576259104648
2022-10-10 16:50:28.700241119,-0.0002669338898652063
2022-10-10 20:59:41.801802218,-0.00022358888879392413
2022-10-11 06:22:59.431714766,-0.00047382151909269865
2022-10-11 08:18:48.314801924,-0.0011383221984201386
2022-10-12 04:37:00.722598121,0.0005616705089590557
2022-10-12 06:35:29.744757906,-0.00021236513806155433
2022-10-12 18:43:13.187109500,-0.0007079493949456728
2022-10-12 20:52:29.799923807,-0.00017528274242883946
2022-10-12 23:48:48.661053613,-0.0002633377605322229
2022-10-13 01:15:36.444818310,-9.299193446044018e-05
2022-10-13 10:03:26.477764532,-0.00032038673686141106
2022-10-14 00:03:33.451932400,-0.0012953410873468574
2022-10-14 06:54:25.837543853,0.0008045842808301895
2022-10-14 22:45:04.164846860,0.001130109396344725
2022-10-15 00:32:08.974302754,1.6020760148505175e-05
2022-10-16 04:18:40.935089298,-0.0004826282484644562
2022-10-16 06:17:57.108231843,-0.00013849119093978235
2022-10-16 21:21:01.478470400,0.0013627390011032858
2022-10-17 01:53:51.830622666,-0.0006169972629658238
2022-10-17 09:47:21.922281735,-0.001108828632527259
2022-10-17 12:36:27.477730975,-0.000420505923377279
2022-10-18 07:12:47.574777536,0.0021697352764158406
2022-10-19 12:39:05.501575112,-0.0003509118277963408
2022-10-19 20:57:06.280381486,-0.00042543403283468173
2022-10-20 03:59:19.444170125,-0.0005280251966176541
2022-10-20 20:39:35.778457403,0.0006278439831695071
2022-10-21 00:57:36.662426792,-0.00022662232894610224
2022-10-21 11:10:14.550541490,0.0005639189600419314
2022-10-21 23:23:13.277271338,-0.0010239837315555445
2022-10-22 15:34:23.065552883,0.000700823163709563
2022-10-22 19:25:55.352553993,-0.0009233677513470484
2022-10-23 01:15:43.535185739,-0.0011780421822983334
2022-10-23 07:06:35.948182978,-1.4209286577360203e-06
2022-10-24 06:18:21.465902999,0.0036414430950344467
2022-10-24 12:24:32.500325515,-2.7107149387695095e-05
2022-10-24 19:20:34.791189462,4.670323258904041e-05
2022-10-25 00:37:27.888458401,-0.0002857472249558901
2022-10-25 19:50:00.864256307,0.0009392467263797943
2022-10-25 22:46:33.104923353,-0.0006026927494813261
2022-10-26 02:32:23.351993196,0.00043523413996715554
2022-10-26 16:25:32.674895011,0.0006604122548274916
2022-10-27 01:09:19.154289708,0.0019698090254043343
2022-10-27 12:31:26.138483912,-0.0007230184704356546
2022-10-28 09:35:35.269152954,0.0017529650657528428
2022-10-28 13:12:00.282261118,-0.000278086712377168
2022-10-28 15:18:57.849585913,-0.0003296594327909519
2022-10-29 14:57:26.036577843,0.0015718115751079953
2022-10-29 22:31:25.106088549,-0.0006932057774768907
2022-10-30 15:31:22.577911295,0.0018337293338988037
2022-10-31 02:37:27.082003996,-0.0005014793615183422
2022-10-31 07:35:00.126576036,-9.524469815758163e-05
2022-10-31 09:59:49.467821501,-0.00016321187750745203
2022-10-31 12:27:15.745760515,1.4724895239348612e-05
2022-11-01 12:05:36.413513049,0.007212419526793967
2022-11-02 00:22:26.941328175,0.0002872989904763035
2022-11-02 03:13:21.917770453,-0.00033849429001420184
2022-11-02 15:56:10.747889057,0.0007896316017044214
2022-11-04 12:35:04.856910139,0.0010202608717759798
2022-11-04 21:52:59.811368525,-0.0017077433535187536
2022-11-05 04:30:57.339159571,-0.0005006679792562974
2022-11-05 13:24:05.769416206,-0.0009017365832200142
2022-11-05 22:53:00.327273384,9.80107336154834e-05
2022-11-05 23:50:02.011704154,-0.0004509554855521847
2022-11-06 05:29:13.110891826,0.000153355553070611
2022-11-06 11:07:52.981381506,-0.0006376670216934333
2022-11-07 04:28:28.574317381,-0.00031067610484181163
2022-11-07 06:42:52.365769692,-0.0007869490267845558
2022-11-07 12:04:50.897177815,-0.0007318684103445605
2022-11-07 20:18:20.870796509,0.0011891427486399042
2022-11-08 01:25:22.928398505,-0.00013848831753793256
2022-11-08 12:31:51.828344539,-0.0004692808837332141
2022-11-08 23:47:37.907688454,-0.00021338044594276795
2022-11-09 03:20:59.825953983,-0.000688961114124309
2022-11-09 18:50:30.442784809,2.7289055862578238e-05
2022-11-09 22:46:16.695868552,-0.0006267283716906435
2022-11-10 03:25:45.222882248,-0.00046322474075621844
2022-11-10 21:23:52.984895796,-0.0001754993951406103
2022-11-11 03:59:08.772944711,-0.0002807426829871673
2022-11-11 06:27:38.334249236,-0.0002226968498555415
2022-11-11 22:14:33.452501722,0.0005028310953152371
2022-11-12 07:23:45.789761089,0.0011143944628289049
2022-11-12 12:18:14.082236588,-0.0007086255503436778
2022-11-12 17:30:38.734774947,0.00031457056729244925
2022-11-13 03:50:49.867518038,-0.0006335342130671107
2022-11-13 08:31:57.037989765,-0.00029057754675132497
2022-11-15 01:35:12.587768480,0.0029422022674741033
2022-11-15 12:02:50.942438558,-0.00039241285942281934
2022-11-15 13:42:53.901666760,7.929391041550105e-07
2022-11-15 19:04:59.127491340,-0.0010945204851146029
2022-11-15 22:07:50.275255397,-0.00046294609771246886
2022-11-16 01:19:20.119530506,-0.0003670177619554682
2022-11-16 04:32:15.969714776,-0.0001632543942580167
2022-11-16 11:40:18.571357548,-0.00014962043042587858
2022-11-16 13:25:49.933412820,-0.0001660162358492201
2022-11-16 18:16:57.111916572,-0.0005341844271371521
2022-11-17 05:15:28.286539569,-1.3353169910135243e-05
2022-11-17 16:18:50.049843162,0.00042849581733528375
2022-11-17 19:17:00.176566951,-0.00015370824426441665
2022-11-17 22:39:53.773348249,-8.033668007390027e-06
2022-11-18 09:38:20.940534711,0.0016964878065772737
2022-11-18 14:03:48.180471063,-0.0004874413385156373
2022-11-18 16:25:57.047902986,0.00035331020144035996
2022-11-18 17:45:55.059094787,-3.435843719135079e-05
2022-11-18 19:23:05.554467380,-0.00011599492126057598
2022-11-19 00:12:09.771961950,-0.0008816014323539401
2022-11-19 07:34:59.678278737,0.00044415490536131585
2022-11-19 14:50:46.517906777,0.00021118745741488532
2022-11-19 18:16:55.244702473,0.00011962066746118438
2022-11-19 22:04:57.577809885,-9.431353482081128e-06
2022-11-19 23:59:57.798885860,-0.000216753394523983
2022-11-20 19:29:29.504954696,-0.0006120866854004703
2022-11-21 02:16:34.815114133,-0.0009500315386596903
2022-11-21 07:08:54.455789864,-0.00023314244688987795
2022-11-21 16:17:44.614343047,0.0009069859846051465
2022-11-21 17:47:59.283508919,-0.00018094412444547014
2022-11-22 05:26:23.226649255,-0.0007080552027308729
2022-11-22 14:18:39.005574375,-1.6343472750368626e-05
2022-11-22 23:12:52.940400958,-0.000860418964635512
2022-11-23 15:49:53.175467610,0.00024269129884846308
2022-11-23 18:03:25.746710986,-0.0001359277220498445
2022-11-23 22:34:07.048419625,-0.0012390945710869516
2022-11-24 07:03:18.498860352,-0.0014590144081817469
2022-11-24 09:30:33.082282349,-0.001400230855687079
2022-11-24 17:15:15.455580220,-5.2420448312551216e-05
2022-11-24 22:53:02.169065587,-0.00024008814524434374
2022-11-25 15:44:26.043364599,0.00017602342742306654
2022-11-26 02:03:10.801010191,0.0006438926527057021
2022-11-26 09:49:44.522734724,0.0018756615282868871
2022-11-26 13:44:27.214327917,-0.0003116159624899639
2022-11-26 18:40:12.524164878,-4.828906930198773e-05
2022-11-26 21:30:31.024950430,-0.00010297576439111111
2022-11-27 11:29:06.567282289,0.0002513834082051858
2022-11-27 18:04:30.621211946,-0.0006022493125796835
2022-11-28 01:57:07.259454943,-0.00043624841833411754
2022-11-28 09:19:33.570396818,-0.0006284062960606462
2022-11-28 20:27:30.097955421,0.00017628947419656704
2022-11-29 04:06:02.595046669,0.0005977368100815728
2022-11-29 16:34:15.385996878,-0.00017765853895879147
2022-11-29 19:19:59.053310536,6.984713356539274e-05
2022-11-29 22:44:47.308203489,-0.0002558762460186381
2022-12-01 03:25:36.841813087,0.009046034096185762
2022-12-01 21:26:56.935828991,0.0035244900516935296
2022-12-02 09:50:48.925197318,0.00011522533330343698
2022-12-02 18:36:04.858791791,-0.000980289836981063
2022-12-03 03:31:31.148790829,-0.000387932066278629
2022-12-03 07:00:21.659804314,-0.0009664868811244398
2022-12-03 12:21:15.890542306,-0.0001754469005118553
2022-12-03 21:28:24.791049749,-0.0006999227315009904
2022-12-03 23:28:31.799861394,-0.000204517532270021
2022-12-04 03:08:08.311242089,-6.722140558068634e-05
2022-12-04 09:18:43.138900034,-2.6834927388752483e-05
2022-12-04 19:33:55.769529134,3.6237604426059278e-06
2022-12-05 07:30:23.985838093,-0.0003593305101485811
2022-12-05 14:29:17.801956192,-0.00044866817912714296
2022-12-05 20:40:36.448610656,-0.0007637170580918617
2022-12-06 01:22:10.580147304,0.0003335122206074015
2022-12-06 07:02:41.495366149,-0.0001460372575783353
2022-12-06 17:52:49.799751282,-0.00046631895216431296
2022-12-07 01:37:27.242017321,0.00032429930308275345
2022-12-07 11:35:07.667731166,-0.00023104475667057311
2022-12-07 14:57:45.030875832,-0.00023035592713926967
2022-12-07 15:13:11.725944072,3.443848087059109e-05
2022-12-07 22:15:14.913703918,-0.0010027245818710062
2022-12-08 00:36:23.562411919,-0.00010879998178392469
2022-12-08 02:58:32.193964683,0.00010191041313012406
2022-12-08 04:48:15.678511076,-8.889216500307384e-05
2022-12-08 13:29:15.056476675,-0.0002635681066989193
2022-12-08 17:32:06.385825336,-0.00014142848889053816
2022-12-09 01:26:21.932546988,-0.00103983917743955
2022-12-09 07:14:59.397995204,-0.0014858107772987017
2022-12-09 18:32:01.645972610,-0.001608708659846192
2022-12-09 23:05:45.776895940,-0.0007155801266583994
2022-12-10 12:53:33.279113948,-0.00018301133862375085
2022-12-10 14:43:34.559538096,-0.00015510394649831394
2022-12-11 03:30:14.037674777,-0.00038936788169774417
2022-12-11 10:45:09.399232343,-0.0011458350218196411
2022-12-11 23:12:40.110963717,-0.0015299990054755686
2022-12-12 23:33:55.302817672,0.002190727731926856
2022-12-13 15:08:20.991830140,-0.0011389961205783283
2022-12-13 21:54:52.738280408,-0.0007830805188884238
2022-12-14 01:44:17.690880470,-0.00045975627322070167
2022-12-14 09:10:36.961875856,-0.0006520260256024368
2022-12-14 13:53:02.688459411,-0.00022714711186000436
2022-12-14 22:56:45.345447809,0.0007946862405021626
2022-12-14 23:46:24.088550262,-0.0006079619974138639
2022-12-15 06:47:28.793335050,0.0034078500773220277
2022-12-15 13:03:56.757716693,-0.0002899800236391137
2022-12-15 14:08:57.805563398,2.115980882333446e-05
2022-12-15 16:12:30.188975528,-0.00016937365520697245
2022-12-15 20:23:20.668867595,-0.0021374267783783596
2022-12-15 22:56:06.605037615,-0.0012088849051890005
2022-12-16 08:23:59.266656600,0.0007814946175566106
2022-12-16 18:56:18.878946617,0.000233817600404862
2022-12-17 07:25:55.657954969,-0.0009114642344070223
2022-12-17 08:36:36.923938163,-0.0002000319271489026
2022-12-17 16:59:41.409511067,0.0019017552679019278
2022-12-17 21:25:44.089615613,-0.002928956351884615
2022-12-18 02:01:20.162864968,-0.0016709832859149731
2022-12-18 13:36:46.021419011,-0.0010449817772906211
2022-12-19 07:31:58.555594593,0.00038233980191382244
2022-12-19 18:18:27.222617351,-0.0002997143077583253
2022-12-19 22:44:20.469916478,-0.00029411126490253015
2022-12-20 16:59:45.444897756,-0.0006177347595588412
2022-12-21 01:49:05.359106258,0.0003338866732920387
2022-12-21 03:28:46.324919976,-0.00025351700489306683
2022-12-21 13:02:09.313289858,0.0006090828285811867
2022-12-22 22:48:41.639216311,0.0010420053422808273
2022-12-23 01:46:17.520648316,-0.000224540553298902
2022-12-23 11:40:47.733845674,-0.0004095816416929132
2022-12-23 14:54:50.664233603,-0.0007726779422684293
2022-12-23 16:02:20.687005810,-0.0014807343019491714
2022-12-23 21:40:13.293602794,1.564656514352336e-06
2022-12-24 01:53:58.615754984,-0.0008549570139764207
2022-12-24 07:36:26.503488228,-0.0006467959126160716
2022-12-24 10:27:36.221780337,-9.800353766320491e-05
2022-12-25 18:25:15.678973131,0.006115440657849636
2022-12-26 17:00:11.141971178,3.86899693682885e-05
2022-12-26 23:56:01.196547531,-0.00041305234360200505
2022-12-27 11:18:40.814623684,0.0021436021092871016
2022-12-28 04:57:13.808274612,0.0008245287196642082
2022-12-28 11:15:42.366921730,0.0005136507203307161
2022-12-28 11:45:57.326635852,8.575842497116071e-05
2022-12-29 08:58:44.325891055,0.001194051394532547
2022-12-29 22:30:39.515028574,-0.00038782177351393
2022-12-30 00:37:02.242352068,-0.0003141853888809498
2022-12-30 03:58:52.708855510,-0.0004105223943825509
2022-12-30 08:26:43.578978494,-6.098480663208061e-05
2022-12-30 11:21:48.417616993,9.296403625191907e-05
2022-12-31 09:06:47.551216274,0.004590668575745749
2022-12-31 19:12:59.679048039,0.001467814820109048
2022-12-31 23:23:32.700242661,-0.000722896417139185
2023-01-01 02:44:16.232249424,-0.0002670217926450391
2023-01-01 04:31:01.244794622,-0.0001664400251931708
2023-01-01 07:51:13.254413135,-0.00038650618238234014
2023-01-01 10:50:28.928163089,-0.0002447122583627559
2023-01-02 17:05:01.883596390,0.0019290999871657277
2023-01-02 19:29:26.997974329,-0.00028178256813771174
2023-01-03 06:38:34.718826264,0.003311215193912309
2023-01-03 12:08:47.339632176,-0.0002829849735762613
2023-01-04 01:36:18.110228837,-0.0013236905713117642
2023-01-04 12:45:54.423822448,-0.00043289131946211423
2023-01-04 16:47:33.434875444,-0.00016378684525153453
2023-01-04 18:41:11.560471214,-0.0006343137857997005
2023-01-04 22:38:56.889014602,-0.000394568625815217
2023-01-05 07:31:02.776647121,0.00022494444166976102
2023-01-06 01:47:10.567662232,0.0024168391418568635
2023-01-06 08:07:22.884223200,-0.000262790361304055
2023-01-06 13:29:46.618869461,3.3643717238129867e-05
2023-01-06 21:32:33.380893573,4.716589367603774e-05
2023-01-07 02:17:15.801902018,-0.0001619973107453987
2023-01-07 04:36:27.838044144,-8.290939329880231e-05
2023-01-07 10:18:22.648251936,-0.0006652707972494287
2023-01-07 12:59:11.619949773,-0.0009316310174422027
2023-01-07 16:50:56.709024921,-0.001560196407279446
2023-01-08 00:49:37.419124007,-0.0005678839764819976
2023-01-08 06:59:15.707168087,3.269219121415645e-05
2023-01-08 10:36:53.960867636,6.231833461667335e-05
2023-01-08 21:00:21.564366646,-0.0011638016102405446
2023-01-10 01:10:58.579938643,0.00034681948218540093
2023-01-10 04:54:17.573365033,-0.00010924884413288094
2023-01-10 23:28:06.476594374,0.003334555237109127
2023-01-11 01:16:21.183965541,-0.0004717785707849531
2023-01-11 16:57:47.396235034,-0.0003790211379635089
2023-01-11 18:47:28.350935936,6.222317799720045e-05
2023-01-12 20:30:24.062706865,0.004036108289130702
2023-01-13 00:29:11.068263933,9.385388481164547e-05
2023-01-13 00:52:19.123087287,-5.2979014673382174e-05
2023-01-13 03:05:07.473928727,-5.144541579538142e-05
2023-01-13 05:17:13.099230416,-6.544369584582377e-05
2023-01-13 15:50:49.619733065,0.0009802704533694584
2023-01-13 19:55:16.319238253,-0.00024055274511014524
2023-01-14 10:14:41.083900973,-0.0011014815976513326
2023-01-14 17:33:34.211853959,-0.0007406359919854832
2023-01-14 18:28:28.311328322,-0.001013184500780362
2023-01-15 00:37:29.339240901,-0.0005117141331861808
2023-01-15 08:28:30.175768971,-0.001208925569659125
2023-01-15 09:33:01.803030379,-0.00019550612954477575
2023-01-15 11:32:18.430162109,-0.0001969295790898995
2023-01-16 01:04:22.358598195,-0.0013191445115973144
2023-01-16 04:15:28.530376509,9.516840198342535e-05
2023-01-17 04:52:34.858963944,-0.00043433575792695134
2023-01-17 19:34:44.639704518,0.0006642036160093845
2023-01-17 22:01:57.388038576,0.000524985216335816
2023-01-18 13:43:00.032490671,0.0013030768327673137
2023-01-18 17:10:36.680270948,-0.0006909208582650539
2023-01-18 22:25:12.657882176,-0.0012359255183713724
2023-01-19 14:42:01.024752013,-5.440494517328087e-05
2023-01-19 16:07:10.107143536,0.00013926648324869007
2023-01-19 18:04:06.881313041,7.082837352334614e-05
2023-01-20 07:14:19.080063432,-0.000458092178710956
2023-01-20 08:05:31.675934181,-0.00020761432825355808
2023-01-20 15:42:54.038511291,0.0003474339812143956
2023-01-21 21:58:12.722998776,0.004776221117120949
2023-01-22 16:33:49.044981919,0.002317308488282155
2023-01-22 21:33:55.114273183,-8.884867877312352e-05
2023-01-22 22:45:21.631348133,-0.0002761760622608245
2023-01-23 09:22:32.328944691,0.000175252003949522
2023-01-23 23:26:16.635373689,0.0013365365831059517
2023-01-24 16:13:02.858897880,-0.0005361584920187124
2023-01-26 05:56:18.772761278,0.0010680665202813522
2023-01-26 14:21:13.888106510,-0.00015319465383578645
2023-01-26 17:03:43.241449885,-0.0005907713378938695
2023-01-27 00:09:17.957690403,0.00044835177696200823
2023-01-27 01:05:29.409134604,-0.001009785256055551
2023-01-27 03:41:36.087795034,-0.00033037798865964696
2023-01-27 10:17:12.990357019,-0.0005240698525037502
2023-01-27 16:17:37.262111872,0.00016468237400224517
2023-01-28 04:49:27.505017995,0.0009663129337549314
2023-01-29 04:06:01.700425357,0.0014876181773686437
2023-01-29 19:28:14.583026782,0.0005581685562114913
2023-01-30 02:15:30.413911372,2.7637585729323177e-05
2023-01-30 05:03:21.911353946,-6.351682031835448e-05
2023-01-30 14:51:41.540770270,-0.0001504014020614619
2023-01-31 03:57:24.840065986,0.007231619274577827
2023-01-31 11:42:15.882791713,-0.0006377330862492592
2023-01-31 14:58:50.297475062,-0.00045963334394316657
2023-02-01 17:56:20.358113602,0.000778845181583554
2023-02-02 01:44:28.211632773,-0.0019639113008530495
2023-02-02 11:39:39.488888659,-0.0006762872849426227
2023-02-02 13:52:34.054166272,0.00010145567049080206
2023-02-03 06:09:15.021608211,0.0008900074605791009
2023-02-03 08:51:12.408867270,-0.00027857904364447794
2023-02-03 19:42:59.275878370,-0.0018036450415892524
2023-02-04 03:08:55.469476387,-0.001266100680606952
2023-02-04 06:45:17.339299500,-0.0009506735189996895
2023-02-04 14:48:10.213058010,-0.0007718348531497998
2023-02-05 03:29:40.455069214,0.0021242636418736804
2023-02-05 17:38:14.794406667,6.244775878916364e-05
2023-02-05 19:51:05.071027949,-0.0001332507828624152
2023-02-06 08:45:17.165737577,-0.00013106779265015245
2023-02-06 13:40:56.323071815,-0.0006694874488318847
2023-02-06 19:26:14.095487572,-0.0008130804874786346
2023-02-07 03:19:41.377095759,0.0016637805632802039
2023-02-08 00:06:57.080801696,0.0003822271808306965
2023-02-08 21:34:02.238603354,0.0008004095721665383
2023-02-09 01:36:08.658301294,-3.574995655664104e-05
2023-02-09 19:27:23.207775541,0.003009584904512863
2023-02-10 07:02:54.557489641,-0.0002590912468469764
2023-02-10 13:43:12.333561845,-0.0003125832622619118
2023-02-10 21:31:50.122287489,0.00031626527684713857
2023-02-11 00:48:22.844889365,-0.00026555929469551653
2023-02-11 07:48:01.721634746,-0.0003497759713657622
2023-02-11 11:42:53.681281038,-0.0001515355962133924
2023-02-11 23:56:28.650720388,0.0010269220284750968
2023-02-12 02:39:47.383153938,6.467749742267159e-05
2023-02-12 05:12:43.822030947,0.0008701888259989854
2023-02-12 07:14:30.173607275,0.0005302221850960187
2023-02-12 09:57:56.711782224,-0.0002374459626234282
2023-02-12 19:56:00.009884156,0.001111408883926357
2023-02-13 09:32:47.114007287,-0.0007823548113491396
2023-02-13 14:51:56.435645558,-0.00017763025759875983
2023-02-13 20:08:18.929581434,-0.0009531685183165051
2023-02-14 21:25:53.092055343,0.0002652036662174062
2023-02-15 03:09:40.005128019,0.0007874148478350662
2023-02-15 20:44:16.064109556,0.001590833138442882
2023-02-16 15:49:46.024952382,0.00026526534063475715
2023-02-17 02:24:55.161673978,-0.0009737719631016661
2023-02-17 05:21:57.971025914,-0.0008222709660575811
2023-02-17 07:37:07.520047285,-0.00014712549109485717
2023-02-17 09:45:22.407733105,-0.0006104860748364915
2023-02-17 12:27:22.019381978,0.0007611773885185524
2023-02-17 16:51:30.839616410,-5.059627428583013e-06
2023-02-18 06:15:13.946780100,0.0005281475144400805
2023-02-18 12:08:10.729918011,-0.0006585934404571558
2023-02-18 23:56:16.537113361,-0.0003629722044807826
2023-02-19 01:40:49.702534333,0.00011804082785160652
2023-02-19 11:04:57.681427449,0.00012832916750626921
2023-02-19 22:58:10.043213665,0.0005563606705840662
2023-02-20 01:21:16.466410235,-0.00026304721409708964
2023-02-20 03:53:15.667701080,-0.00047982451521599856
2023-02-21 00:37:05.969638884,0.0010366848069758294
2023-02-21 04:44:46.821652502,5.9595417725821775e-05
2023-02-21 08:45:45.109201044,-0.0008237905443574389
2023-02-21 11:32:51.335662395,5.866106145191452e-05
2023-02-21 22:59:46.041703716,0.0003140930659695229
2023-02-22 15:25:17.308415070,0.0007167518738544487
2023-02-24 03:01:15.853274092,0.0018340507696599229
2023-02-24 12:49:37.086676851,-0.00011790355913054995
2023-02-24 23:52:27.565392390,0.001298633475000699
2023-02-25 05:21:37.154641435,0.00020627229308067818
2023-02-25 07:53:03.748880252,-0.00016387638086368117
2023-02-25 15:00:16.535896614,0.001658181491668298
2023-02-26 11:24:32.566317305,-0.0016420532513083952
2023-02-26 14:26:51.384145334,-0.0001804658549414695
2023-02-26 15:17:13.104068875,7.387706746797562e-05
2023-02-27 19:20:28.273936257,0.004512621567212438
2023-02-27 22:37:02.096814305,-0.00031435731179330073
2023-02-28 03:18:09.910059407,-0.0004555166006764422
2023-02-28 14:57:04.812449977,-0.001263111160469954
2023-02-28 21:23:39.231429785,-0.0021228821051864077
2023-03-01 02:00:06.152241021,2.468216516127164e-05
2023-03-01 08:21:12.604207292,-0.000623974656715931
2023-03-01 12:30:33.750543579,-0.0013390544493887546
2023-03-01 16:40:06.549936920,-0.0008412234284445042
2023-03-02 00:19:49.930232927,0.0004948018324082426
2023-03-02 19:51:15.461141139,-0.0013910383869168985
2023-03-03 15:40:55.787874088,0.0001355935517746154
2023-03-03 19:23:00.907498389,3.260542189065241e-05
2023-03-04 02:41:12.517586917,0.0008605399120229507
2023-03-04 07:29:52.651743770,-0.0014938726584995399
2023-03-04 13:07:00.749483407,-0.0007085666780598521
2023-03-04 21:25:35.091291696,-0.00014620602594395127
2023-03-05 15:25:55.097326756,-0.0005794126505749286
2023-03-05 18:36:30.790376067,-0.0001816285472155954
2023-03-05 21:21:30.490501672,-3.298102744930809e-05
2023-03-06 16:37:56.632074952,-0.00038619580067889014
2023-03-06 23:16:01.995689109,-0.0004121944350072848
2023-03-07 04:40:15.043467358,-0.0004785662692142756
2023-03-07 22:47:22.459275410,0.0013178568833585036
2023-03-08 01:03:30.825573787,-0.0003383794239456561
2023-03-08 23:49:45.030093074,5.7108281936724126e-06
2023-03-09 22:04:16.945479214,0.0011050862937316275
2023-03-10 16:31:56.616189450,0.0014623277193692719
2023-03-11 02:06:56.345112890,0.0005380297283339441
2023-03-11 02:30:18.051128313,-0.0001638051972356891
2023-03-11 08:07:18.367029145,-0.00012977216649001644
2023-03-11 12:57:24.367606193,-9.565243840203852e-05
2023-03-12 00:11:57.595604032,-0.0005141778170628664
2023-03-12 09:46:35.925037920,0.0026742340393250963
2023-03-13 16:27:17.283583447,0.0020018182157715003
2023-03-14 00:49:11.263118058,-0.00014867735841361807
2023-03-15 00:54:45.305994749,0.0008982946180893236
2023-03-15 02:00:03.237640232,-0.00016908019242289907
2023-03-15 21:08:02.132858351,0.00455904142664143
2023-03-15 22:31:59.466404930,-0.0003799734386822351
2023-03-16 04:10:29.754835606,-0.00097903279648337
2023-03-16 12:59:50.075656757,-0.0010418768078084284
2023-03-16 16:08:05.202460304,-5.4640074257816806e-05
2023-03-16 23:16:19.099246100,0.001579421387829738
2023-03-17 01:38:48.495920941,-6.344011545988959e-05
2023-03-17 04:24:11.752888396,-0.00014771797490498173
2023-03-17 07:07:07.830505356,-0.00019602438382193554
2023-03-17 09:05:53.690154403,0.00010733467168400068
2023-03-17 12:05:38.909424514,9.396128901384415e-05
2023-03-18 01:42:35.760216415,-0.0009833857038271665
2023-03-18 02:55:41.875506356,2.9972038582792848e-05
2023-03-18 06:31:51.930154338,-0.00014997151757756289
2023-03-18 09:25:25.291254357,-0.00036600339772363544
2023-03-18 12:10:06.708361357,-0.0004721578490891609
2023-03-18 14:30:36.051089808,-0.0002192156066697093
2023-03-18 21:19:52.541032538,-0.0011140948721605204
2023-03-19 06:27:53.641381472,0.00027296729420611676
2023-03-19 07:46:11.379698098,-0.00019186371578105987
2023-03-19 11:22:01.295402765,-0.00045667212412481284
2023-03-20 10:12:48.658182204,-1.928242843596273e-05
2023-03-20 13:36:50.102967203,1.6899230970368606e-05
2023-03-21 02:44:05.913532585,0.0005193852996245862
2023-03-21 08:03:55.670470759,-0.0016563228208834602
2023-03-21 10:45:08.619843498,-0.00012557159265635942
2023-03-21 16:47:05.008523643,-6.45767714870793e-05
2023-03-21 18:32:05.238164321,-0.00014937671679859932
2023-03-22 17:34:39.894530311,0.0038938741557692502
2023-03-23 07:17:23.915774420,0.0028873426879143516
2023-03-24 01:53:31.198384613,-0.0007202141639222059
2023-03-24 04:42:16.920842990,-0.0003459250356802057
2023-03-24 17:01:04.740057632,0.0006122019579559712
2023-03-25 05:25:20.286870837,0.0017532688047714462
2023-03-25 06:58:33.356749281,-0.00018671621044497044
2023-03-26 03:55:45.273448825,0.001326847669662623
2023-03-28 01:00:13.128263086,0.0026299202516115727
2023-03-28 12:49:46.872306794,0.0029978963602081965
2023-03-28 16:06:32.229444817,-0.00014880348476331573
2023-03-28 20:28:57.885639504,-0.00014817003242906246
2023-03-29 08:56:40.139167130,-0.0007153803512753854
2023-03-29 13:30:01.704749614,-0.0013976494164138487
2023-03-30 18:24:51.260668218,0.002158828981455585
2023-03-31 10:53:21.684820667,0.0005822901783198997
2023-03-31 17:08:33.359791934,-0.00020087393780854335
2023-04-02 01:23:43.610479265,0.003724884882198465
2023-04-02 14:56:13.811310425,-0.0005562105919936222
2023-04-02 20:45:09.278647050,-0.0002268564932439432
2023-04-03 04:05:21.490260080,0.0004437054189676548
2023-04-03 12:40:16.991686851,0.0001358961620869792
2023-04-03 18:02:36.766664401,-0.0010113604780594976
2023-04-03 23:05:45.036394507,-0.0007531708068485576
2023-04-04 03:13:50.520093276,4.7812195189678164e-05
2023-04-04 07:27:08.973269731,-0.000260077914729262
2023-04-04 14:33:49.309930563,-1.7138330813404323e-05
2023-04-05 09:40:59.039255247,0.00011812550229239882
2023-04-05 17:43:16.381570145,-0.0006746092589680064
2023-04-05 19:57:34.426629156,-0.0005878322087078391
2023-04-06 07:48:44.898953035,-0.00019142632967639184
2023-04-06 11:58:38.914118364,-0.0003962899266232167
2023-04-06 16:04:45.540881738,0.00012533293513516952
2023-04-07 15:02:31.399283841,0.002511293884346344
2023-04-08 08:41:07.248126045,-0.0008802000066926441
2023-04-08 13:30:41.988774672,-8.759500085564476e-05
2023-04-08 16:35:07.081242666,-0.000186854923038271
2023-04-09 07:00:35.533583104,0.002075203765465883
2023-04-09 17:42:17.138905168,-0.001098344184856992
2023-04-10 05:13:01.107531592,-0.0009176234965828645
2023-04-11 03:32:49.837806404,-0.00012120193826559156
2023-04-11 13:58:43.133376881,0.0008816555375492641
2023-04-11 21:09:52.868956611,-0.003625894805417418
2023-04-11 22:52:38.932572544,-0.0012508179057867386
2023-04-12 02:20:28.264861002,6.491776268657823e-05
2023-04-12 18:59:11.224598080,-0.0004429297872298177
2023-04-12 23:14:03.525011376,-0.00014925916299246555
2023-04-13 15:43:47.323326692,-1.5688474187203205e-05
2023-04-14 04:21:11.007488877,-3.11739333945793e-05
2023-04-14 06:17:08.794432878,-0.00025844446336453775
2023-04-14 12:50:50.276619285,-0.0004964872097900086
2023-04-14 14:33:15.560753673,-0.00017133556101811553
2023-04-14 14:56:55.640141726,3.339059938145539e-05
2023-04-14 16:37:21.936134636,5.686379230218641e-05
2023-04-14 21:09:11.973442659,-0.0005204616801504081
2023-04-15 04:25:59.242644206,0.0007362075213510622
2023-04-15 06:56:36.531802907,-0.00023973863403026208
2023-04-15 12:25:36.235888660,-0.0020758209676678963
2023-04-15 17:10:19.243761227,0.0010551804673661902
2023-04-16 00:34:02.927516595,-0.00019413780574117911
2023-04-16 07:42:32.700045213,0.00010789907150576816
2023-04-17 05:39:38.157461375,0.0018734037137404513
2023-04-17 06:55:37.613944069,3.077348211855124e-05
2023-04-17 10:02:51.382151797,-0.00011756379462490862
2023-04-18 01:28:16.670230046,-0.0005411324301267673
2023-04-18 06:01:33.511549219,-0.00010055020335775211
2023-04-18 12:11:11.246089101,0.0002971176449106938
2023-04-18 23:07:30.874495789,-0.0004953371380540528
2023-04-19 06:20:33.304431096,-0.000989441510702127
2023-04-20 03:44:40.262161939,0.004737500671343264
2023-04-20 11:33:00.240617394,-0.0013104864433146624
2023-04-20 13:15:12.102368146,-0.00018333244661106196
2023-04-20 14:46:23.340991586,1.5972878410597247e-05
2023-04-20 20:13:32.711573362,-0.00025092875297438866
2023-04-21 01:32:44.493816286,-5.33356382564909e-05
2023-04-21 05:12:05.619465172,-0.00013795254475679197
2023-04-21 05:52:59.297390044,-0.00024342050705628004
2023-04-22 06:50:05.961651549,0.0020747433385535086
2023-04-22 18:53:47.209273368,-0.0006547854046352608
2023-04-23 01:11:32.869910434,0.00016436918307438653
2023-04-23 05:08:44.697325274,-0.00018161578348852014
2023-04-23 08:01:50.492300317,-0.00026413640187061826
2023-04-23 11:34:25.180161163,-0.0001226127854496717
2023-04-23 16:06:13.132345960,-0.00020226096018050033
2023-04-24 02:33:55.705485806,0.0005736076791336142
2023-04-24 12:02:30.868794098,0.0016155257857728422
2023-04-24 12:59:06.300551087,-0.0004454634295602
2023-04-25 01:43:23.715185553,0.004213616615946325
2023-04-25 06:18:01.703072920,-0.00020517313913204216
2023-04-25 08:25:58.201038763,-0.00012363663002479264
2023-04-25 11:22:53.688566521,-0.00010047445397221022
2023-04-25 17:35:04.553292811,-0.0006702360008781216
2023-04-26 02:10:42.599184960,-0.0011971752656726453
2023-04-26 12:40:40.732079536,-0.000445522107438201
2023-04-27 02:47:43.271819323,-0.000766946139976743
2023-04-27 04:58:28.013246492,-9.25685160235723e-06
2023-04-27 18:03:08.046898350,-5.673713214615628e-05
2023-04-28 04:16:02.780922070,0.0003975758549437103
2023-04-28 17:35:59.763353035,0.00016096736534687572
2023-04-29 02:25:58.165412292,0.00021335916514364506
2023-04-29 03:13:10.105839804,-0.00020283109920893327
2023-04-29 10:50:26.793761954,9.89787872129888e-06
2023-04-29 12:22:16.355597094,-0.0006461723220666515
2023-04-29 20:57:25.041856140,-0.0008050035714105563
2023-04-30 21:40:54.313020885,0.0004763531739166993
2023-05-01 02:22:48.224536210,-0.0009724392064501819
2023-05-01 03:18:20.158469796,-0.0008594434516299154
2023-05-01 23:51:04.615816966,0.004230615802466309
2023-05-02 15:17:11.267224148,-0.0007644954885658306
2023-05-02 23:29:15.387897104,0.00048552748719332683
2023-05-03 03:59:32.981059447,-0.0007990798751724704
2023-05-03 18:36:17.973091856,-0.000562322852136421
2023-05-03 21:25:02.794668764,-0.0003628037680549756
2023-05-04 07:30:00.984838784,-0.000865765424653886
2023-05-04 13:15:04.266605213,4.903797432875834e-05
2023-05-04 17:33:13.222148359,-0.0005137745501262447
2023-05-05 19:04:14.028746426,0.0018132042619920519
2023-05-06 00:19:18.241774589,-0.0009191981037760533
2023-05-06 01:58:17.331670731,5.468391745244716e-05
2023-05-06 05:10:41.140942588,6.665895051627402e-05
2023-05-06 10:49:36.922842816,-0.0007516073902817944
2023-05-06 17:26:40.346449152,-0.0012141541622661123
2023-05-07 07:47:30.338575214,-0.000999771030684271
2023-05-07 15:38:25.299208805,0.000489316389439054
2023-05-08 01:13:45.923078015,-0.00042539036284794385
2023-05-08 03:46:55.845184594,0.00014256257516098714
2023-05-08 05:51:42.740131274,-0.0022730377944301106
2023-05-08 10:47:53.246955484,-0.0009425290965857647
2023-05-08 15:23:00.331091136,-0.00012271687755116556
2023-05-08 16:52:18.612036094,3.027413976819382e-05
2023-05-09 23:00:17.050659701,-0.001674524566054325
2023-05-10 04:14:37.568921641,-0.0005556629503518096
2023-05-10 17:43:49.451320022,-0.000194564853161161
2023-05-11 05:04:04.359408349,-0.001284056468997985
2023-05-11 07:35:50.804603413,-0.001399525597104767
2023-05-11 13:41:24.225147888,-0.0004364176990971913
2023-05-11 19:10:02.725708112,-0.00015059303635689414
2023-05-12 13:38:13.627604976,0.0016561243513752988
2023-05-13 06:41:20.927815348,0.0009275429829822546
2023-05-13 14:30:12.105888963,0.00016851611252555188
2023-05-13 17:38:08.152450606,-0.00160846402567838
2023-05-13 18:56:16.684774265,-0.0006023325333321949
2023-05-13 22:36:07.622849509,-0.0001621397132919311
2023-05-14 07:34:57.635832354,-0.0005462539282484746
2023-05-14 17:14:14.585789904,-0.0008576761430636459
2023-05-15 19:06:04.008851752,-0.001019229584201753
2023-05-16 00:26:39.818456590,-0.00015559085044813958
2023-05-16 03:15:20.578381956,-0.0001284516582911177
2023-05-16 10:27:26.776941955,-0.00026489244597371897
2023-05-16 22:04:01.196860418,-0.0003850551254670487
2023-05-17 06:13:26.514237776,1.702411527970682e-06
2023-05-17 12:41:30.608348414,0.0002561975600743338
2023-05-18 10:50:21.372837707,0.0031339182622960315
2023-05-18 13:57:26.301361069,0.0006559678043041028
2023-05-18 14:59:58.876854479,-0.0008843627502477247
2023-05-18 22:11:01.598242238,-0.001212286417528352
2023-05-20 14:04:23.583808541,0.008459318560859908
2023-05-21 01:03:41.815437481,-0.00046915866892960345
2023-05-21 04:10:48.350586429,-0.00012367604578678026
2023-05-21 04:41:33.188220024,2.6878385850581665e-05
2023-05-21 06:12:04.423825189,1.0363769421539715e-05
2023-05-21 13:59:21.634755284,0.0006088578081953067
2023-05-21 19:26:58.709879786,0.0009408930809007288
2023-05-22 00:10:40.871907368,-6.988119763862155e-05
2023-05-22 13:13:48.840120614,0.0002480941706810569
2023-05-23 00:06:13.915411517,-0.0005223911016548621
2023-05-23 04:51:42.683226407,-0.0003235483168320119
2023-05-23 07:35:23.249691993,0.00011771336913124486
2023-05-23 13:28:58.559546381,-0.00048239591471943566
2023-05-23 15:34:06.751312539,-0.0006886081159703794
2023-05-23 22:28:10.157695055,0.0025086501784925552
2023-05-24 00:20:02.110478148,-0.0011689416055347124
2023-05-24 11:29:08.509385227,-0.0017483824124645553
2023-05-24 14:05:45.937189221,-0.0005936607774492675
2023-05-25 03:37:25.966209307,0.000362498636322206
2023-05-25 06:03:17.609069750,-0.00199715650143073
2023-05-26 07:02:27.013305962,0.0008681053651251602
2023-05-26 13:44:56.144075170,0.0006209875729190628
2023-05-26 21:12:00.110669807,-0.0014540686774258127
2023-05-27 10:07:36.873693302,0.00042143760331447844
2023-05-28 03:44:18.968407571,-0.0011642103796317693
2023-05-28 05:35:54.570214152,-6.810069923512962e-05
2023-05-28 11:50:46.164061740,0.0008576125347845576
2023-05-28 13:23:23.144970626,0.00016029120328009405
2023-05-28 14:43:00.004938647,-0.00022267342166581994
2023-05-28 21:53:14.648403242,0.00018766127922953402
2023-05-29 04:50:06.137059778,-0.0011764035639718617
2023-05-29 10:11:39.813585415,-0.0008672934502201857
2023-05-30 01:12:20.896171495,-0.000657404159426056
2023-05-30 07:27:30.112602264,-1.5903099983449742e-05
2023-05-30 11:07:21.587505341,-0.00022141567582500965
2023-05-30 17:56:33.840551794,-0.0005859523762434815
2023-05-31 10:51:09.436373696,0.000605759206339318
2023-05-31 14:34:35.656716570,9.563823398806015e-05
2023-05-31 17:59:21.549128518,-0.0001084399909293543
2023-05-31 20:30:33.197058484,-3.602717700745828e-05
2023-05-31 21:59:44.357897997,-0.00016144601232870315
2023-06-01 07:19:23.298584595,-0.0019036452488031541
2023-06-01 13:08:49.640457898,0.0001270311272534297
2023-06-01 16:52:12.991785184,-0.0006958209913602298
2023-06-01 20:54:42.609873518,-0.00012262134373053346
2023-06-02 00:09:43.731360391,8.623006984476156e-05
2023-06-02 02:05:04.687589914,4.9245551077214955e-05
2023-06-02 05:10:12.503911749,-9.139601756513738e-05
2023-06-02 14:37:02.824078396,-4.4641411994894575e-05
2023-06-02 15:18:54.085244820,-0.00023561152013684694
2023-06-02 17:08:49.722149521,5.694002873135595e-05
2023-06-03 05:19:28.907011598,0.0015626075031998088
2023-06-03 07:57:06.796128437,-0.000183240851133748
2023-06-03 11:57:40.530449450,-7.750049896881883e-05
2023-06-03 14:12:38.519692972,-0.00012124676501945597
2023-06-03 19:49:51.729170054,-0.0006872026901988404
2023-06-03 22:35:15.605113387,-0.0006757727870122521
2023-06-04 20:00:34.392895713,-0.0007991983486955734
2023-06-05 04:11:19.921191812,0.0019451297334251993
2023-06-05 16:37:15.997463971,0.0005433059941428731
2023-06-06 10:43:44.152518466,0.0006293199407678696
2023-06-06 17:36:32.322968528,2.3421514608656935e-05
2023-06-07 11:45:31.267123133,0.0028629106064272936
2023-06-07 13:33:19.769460872,9.017706432379313e-05
2023-06-07 15:15:53.669316635,2.4015228222484808e-05
2023-06-07 23:20:28.289456666,-0.0008421069626316502
2023-06-08 11:21:35.657835692,-0.0001982856773476982
2023-06-09 05:28:00.542340472,8.496602534413533e-05
2023-06-09 09:16:00.700519145,-0.0007656305423039411
2023-06-09 19:10:44.529917478,-0.00020272291888390193
2023-06-11 02:08:01.512563079,0.0013303674872087168
2023-06-11 13:02:09.499286681,-0.00011142824327992074
2023-06-11 15:43:26.930575475,3.6731369788434165e-05
2023-06-11 19:23:57.510610460,-0.00030883618896204723
2023-06-12 01:45:57.059363604,-0.0006058962586698025
2023-06-12 07:44:05.759150103,0.0001810557155621506
2023-06-12 16:14:53.646583185,0.00019950186595152353
2023-06-13 11:15:54.340747833,0.0012008275697577009
2023-06-13 12:08:47.957726821,-0.00013011239717464207
2023-06-14 01:26:12.163286358,0.0009503847196297155
2023-06-14 07:51:50.055784211,-0.0007110931073506244
2023-06-14 18:32:19.197425857,-0.0006037988049276688
2023-06-14 23:47:56.695449859,-0.0008015662477532937
2023-06-15 04:56:59.563135043,-0.001270743186785439
2023-06-15 18:01:05.242086366,0.0006430573791178507
2023-06-16 05:34:48.723016292,-0.001070370992523606
2023-06-16 10:10:44.257612124,-0.0007600282888483578
2023-06-16 15:08:48.977885917,-0.0009739851077135153
2023-06-16 19:00:24.015851542,5.914165495646273e-05
2023-06-17 04:42:27.111048460,-3.7776434132497094e-05
2023-06-17 14:25:19.458757430,-0.0005169730514277271
2023-06-17 19:47:03.641098782,-0.00042885691747296395
2023-06-18 19:21:22.390986919,0.0014705380530330991
2023-06-19 09:04:54.679313540,-0.002861554494753893
2023-06-19 13:01:21.796162724,-0.0003924494352657293
2023-06-19 16:44:47.809916884,-0.00019287511741328256
2023-06-19 23:09:10.340928212,0.0008493461737086871
2023-06-20 11:28:01.911256671,-0.0026609064100810986
2023-06-20 14:33:31.889361471,0.0014707300320588867
2023-06-20 21:21:34.054775283,-0.0013105694218787933
2023-06-22 02:28:35.993514150,0.0026115350793367575
2023-06-23 11:37:08.078838438,0.0033957245724225427
2023-06-24 03:15:36.488109991,0.0014123895501791939
2023-06-24 06:52:02.031659453,0.0009526479494843532
2023-06-24 07:48:29.380659178,-0.0003357251549334084
2023-06-24 11:12:43.531402200,6.382655797554371e-05
2023-06-25 04:06:57.568117514,0.002011902592280679
2023-06-25 14:12:37.001189724,-3.581814724640253e-05
2023-06-25 18:58:18.155865535,-0.0007283865451214178
2023-06-25 21:13:32.225914717,-3.3949015136647276e-05
2023-06-26 08:05:33.499750480,-0.0002912047423785369
2023-06-26 14:51:20.289199814,-0.0004918935576270211
2023-06-27 13:55:27.065252289,0.0004953705322832125
2023-06-28 01:25:43.939589769,0.00151491387343472
2023-06-28 07:53:22.966517404,-0.0002832151852613096
2023-06-28 09:23:01.906757146,-7.49672289303005e-05
2023-06-28 19:11:10.908147663,-0.00027176089056635266
2023-06-28 23:51:42.770960152,-0.0004888001215939131
2023-06-29 14:44:50.358402863,0.0028520358059016537
2023-06-29 20:52:13.469121233,-0.0001466322631007433
2023-06-30 06:01:08.905534655,-8.315208251619133e-06
2023-06-30 10:58:55.327378318,-0.00012060434140437337
2023-06-30 12:09:35.691693544,-6.147397242040054e-05
2023-06-30 15:28:26.480859265,-0.00042861413009043225
2023-07-01 00:18:45.378209695,-0.0005852460713025032
2023-07-01 06:49:46.796865940,-0.0005000095204004129
2023-07-01 09:05:34.006695420,-0.0005160756776046993
2023-07-01 17:51:39.963253871,-0.0004493749932561464
2023-07-02 04:51:13.091001868,-9.261847419395064e-05
2023-07-02 15:59:10.515712991,-0.0005896672414132942
2023-07-02 23:27:51.465117380,-0.00018128660001293095
2023-07-03 19:24:09.335958093,0.0007671026535041037
2023-07-05 10:20:45.606666759,0.0006854332517887141
2023-07-05 12:19:07.746931776,-0.00012432128581241209
2023-07-05 23:00:11.885846436,-0.0002945077755414083
2023-07-06 10:44:21.184746698,0.0006353938291387973
2023-07-06 13:08:02.004861832,-0.00030754367342689104
2023-07-07 08:14:52.739125714,0.001335294128035791
2023-07-08 04:31:30.200663954,0.0004888140294754262
2023-07-08 06:18:36.641399324,0.0001292855168513185
2023-07-08 12:37:05.005005553,0.00032197349973595024
2023-07-08 22:40:25.322264835,-0.00085051931936031
2023-07-09 14:10:52.657353535,0.0005987593676246572
2023-07-09 16:29:49.161997110,-6.465981473691151e-05
2023-07-10 00:43:22.660457000,-0.0003571311209870087
2023-07-10 03:11:54.190615594,-0.00014705287873240103
2023-07-10 06:09:44.814320371,-0.0003276718962261782
2023-07-10 11:04:12.740134731,-0.0011951495406958834
2023-07-10 20:49:09.790803954,-0.00042393889196656875
2023-07-11 15:37:11.366353184,-0.0002983510692036173
2023-07-11 21:42:52.032483086,-0.0009942292302103084
2023-07-12 00:38:34.685097843,-0.001636349317675423
2023-07-12 21:03:57.099069387,0.0026824619471927935
2023-07-13 01:22:08.992726490,-0.0010015224234225517
2023-07-13 16:42:26.722367719,-0.0013543564974362043
2023-07-15 04:29:12.214899838,0.000967734106020357
2023-07-15 06:26:57.097782969,-0.00038781460786907473
2023-07-15 12:08:56.978112102,-0.0006558358979996681
2023-07-15 12:44:57.545492083,-0.00012145154288656368
2023-07-15 15:05:16.736460313,-0.0008010763323689218
2023-07-15 18:52:05.287668169,0.0013140675092990772
2023-07-15 22:49:49.672367975,-0.00019554629253459854
2023-07-17 18:11:22.224777013,0.003209091928987995
2023-07-17 22:27:30.223867744,-0.0002943183613596245
2023-07-18 10:01:04.024750724,-0.0005082357115988589
2023-07-19 05:36:59.488845006,0.006828957797844204
2023-07-19 10:15:06.524957776,-7.539990430260879e-05
2023-07-19 12:28:22.498794883,-0.00012247622176053685
2023-07-19 18:39:12.600128204,-0.0006873224711771986
2023-07-20 08:47:27.712056875,0.001947603918936558
2023-07-20 13:57:29.099853441,0.0005468454380754828
2023-07-20 19:47:40.261406242,0.0004642427624119705
2023-07-21 21:54:55.944374621,0.003220873166394078
2023-07-22 01:37:24.628482208,8.959546937781226e-05
2023-07-22 11:14:27.777964890,-0.00018910691485174436
2023-07-22 13:17:13.473791808,-6.418951842834808e-05
2023-07-22 23:23:09.228161648,0.0021694775473972694
2023-07-23 09:09:48.170297489,-0.00046470925786867845
2023-07-23 11:21:17.713066891,3.214740349499756e-05
2023-07-23 22:08:42.555950642,-0.0004924137379523907
2023-07-24 00:12:28.161997467,-0.0002261960548383124
2023-07-24 08:20:13.991707653,-0.00019462580326234935
2023-07-24 10:58:00.703067943,-0.00019028709728274862
2023-07-24 12:11:37.780418366,-0.00012367101989818607
2023-07-24 17:12:38.722716004,-0.0005835571251068261
2023-07-25 14:49:34.585744038,0.0007958263717617875
2023-07-25 21:31:09.017948747,-0.001011533378913465
2023-07-25 23:38:36.121015221,-8.468459887145396e-05
2023-07-26 05:09:13.807015762,-4.1178758399929016e-05
2023-07-26 08:08:39.481844082,-0.00019529398184681135
2023-07-26 09:14:15.920793429,0.0001057591331450336
2023-07-26 17:46:39.159273803,0.001542364720346967
2023-07-26 19:04:49.032847688,0.00011715640206300115
2023-07-26 21:18:08.087484822,-0.000496711143727735
2023-07-27 05:22:05.342175394,0.0027677184084653472
2023-07-27 08:30:12.322613940,-0.00021446941727643054
2023-07-28 18:03:38.410450906,0.0016957544336893005
2023-07-28 18:35:32.446292505,-3.364081106382866e-05
2023-07-29 21:24:10.225969404,0.003353373170525309
2023-07-30 03:07:48.906215355,0.0011863396482632016
2023-07-31 07:54:44.514518663,0.0018589887166042818
2023-07-31 21:02:27.698182300,-0.0008073218030842932
2023-08-01 00:14:44.126820043,-0.00014507602378599493
2023-08-01 09:53:19.466646418,-0.0009698035906711144
2023-08-01 16:05:40.653991520,-0.0004128420289429835
2023-08-01 16:29:13.620638639,1.7329341696958878e-05
2023-08-02 09:14:40.268545270,0.0008127892771687684
2023-08-02 11:25:14.990344048,-0.0002033416210452943
2023-08-02 21:25:39.952128455,-0.00045603981434472196
2023-08-03 05:42:45.082405075,-0.0008385654587051983
2023-08-04 02:45:54.320247337,0.002865678107445202
2023-08-04 10:40:00.475483760,-3.750711629424419e-05
2023-08-05 18:17:19.743288472,0.004131659798696896
2023-08-06 06:01:18.719472483,0.0017562844980938408
2023-08-06 16:07:57.306966990,-0.0009336126190682137
2023-08-06 20:46:24.679567203,-0.00014049693922513207
2023-08-07 01:27:22.063999905,-9.004314708860317e-05
2023-08-07 07:17:47.271294132,-0.0002512221018017291
2023-08-07 08:02:01.774521530,-6.19457317135863e-05
2023-08-07 13:48:36.471195310,-1.6428542355173548e-05
2023-08-07 20:11:13.716101348,0.0007131008796654736
2023-08-08 00:36:25.075963110,-0.00014257817720020327
2023-08-08 12:01:13.925638199,-0.0003934322209943053
2023-08-08 16:34:30.588657260,-0.0006344189187449389
2023-08-08 19:03:00.752846211,-0.00021419528138733046
2023-08-09 03:24:26.657671764,0.001645973461896988
2023-08-09 08:43:00.506331563,-8.437205302214146e-05
2023-08-09 12:18:48.796942934,-0.00017422452910142994
2023-08-09 16:52:16.312340021,5.275385688996437e-05
2023-08-10 14:21:42.167025015,-5.797076537694679e-05
2023-08-10 17:28:28.390705466,-6.751472185106966e-05
2023-08-10 22:01:16.269030601,-0.0003565774776729258
2023-08-11 04:16:14.708723456,-0.00031797359461771535
2023-08-11 09:02:19.800000146,-0.0004200423435679612
2023-08-11 11:37:47.820473269,-0.0001339783405676087
2023-08-11 20:55:06.421574175,-0.00017537870930128818
2023-08-12 02:35:47.410350814,0.00024565433320788976
2023-08-12 04:00:09.688038349,-0.000613147814633952
2023-08-12 05:40:52.620830566,-0.00014138369950766894
2023-08-12 10:34:05.865155712,-0.0007039845568236336
2023-08-12 15:17:07.507922560,-0.00017016476637254918
2023-08-12 16:27:44.356034577,6.637589075797479e-05
2023-08-12 23:12:56.561335772,-0.00264001162428662
2023-08-13 04:17:46.227285922,0.001002866133400726
2023-08-13 09:35:18.225343749,0.00042951691808990056
2023-08-13 16:32:50.619230315,-0.0011695643213192053
2023-08-13 19:37:30.346589923,-0.00017752751367572372
2023-08-14 07:30:58.966578528,-0.0013212629383303476
2023-08-14 19:33:43.738801613,6.594924199831986e-05
2023-08-15 02:32:12.073737040,-0.0004594949600262854
2023-08-15 06:46:07.171483815,-0.00020675443036932695
2023-08-15 14:06:39.597549215,-0.00024490535982968353
2023-08-15 15:34:00.525339648,-0.00018548631806569738
2023-08-16 09:55:33.884266898,0.0005072499788978391
2023-08-16 10:36:25.955347151,-0.00019693322453895323
2023-08-16 18:19:46.738658175,-0.0007552920936950702
2023-08-16 22:02:34.465968326,-0.0011876006600265443
2023-08-17 01:18:36.102550939,-0.0007190089550782597
2023-08-17 08:42:10.868527576,0.0004600740386448976
2023-08-17 10:46:34.678801477,-0.0001679389858413316
2023-08-17 17:13:41.397386044,-0.0010073640701354636
2023-08-18 04:47:15.651326522,0.0005599583552897691
2023-08-18 11:49:54.714864209,0.00041517890902809107
2023-08-19 04:37:19.738265961,0.00036687219463993337
2023-08-19 10:53:07.687884212,-0.0003173942593142076
2023-08-20 08:58:16.992743671,0.002628138029894922
2023-08-20 16:14:09.365358874,0.004801987670255636
2023-08-20 17:14:56.973777294,-0.00029181291215985006
2023-08-20 20:56:10.870760545,-0.0003812183125664337
2023-08-21 08:20:36.042207509,0.00019442537897229606
2023-08-22 05:01:07.949772343,0.0022215425104343822
2023-08-22 12:52:15.117764145,0.0019258363121652522
2023-08-22 19:11:34.978566214,-1.2358010764046412e-05
2023-08-23 02:02:59.395060465,0.0003669220152524577
2023-08-23 05:27:48.274379164,-0.00031882472616495683
2023-08-23 13:47:55.439450532,0.003058050009461244
2023-08-23 17:50:48.234424010,-0.0001731064646400826
2023-08-24 01:51:02.041476458,-0.0002593680287911182
2023-08-24 09:12:42.936006710,-0.000726302047445615
2023-08-24 16:36:16.256309092,0.0001811712069785809
2023-08-25 20:28:02.263660505,0.0009543786234913476
2023-08-25 23:54:07.482759252,0.0001038270280766529
2023-08-26 08:50:26.178214327,0.0009632465785998079
2023-08-26 15:05:08.803479999,-0.00037431381534358543
2023-08-26 20:56:51.141976878,-0.0004709369667725838
2023-08-27 07:46:49.344201550,0.00034617561561756105
2023-08-27 13:27:52.238363922,-0.0009438617082502265
2023-08-27 23:20:00.865470484,0.000798013922902685
2023-08-28 22:58:18.187614724,0.0024634962094496338
2023-08-29 00:34:25.471603498,-0.0005924105635266574
2023-08-29 04:38:37.608590022,-0.00046380363500375665
2023-08-29 09:19:11.551683828,-0.00010267353916904032
2023-08-30 02:11:59.857570663,0.0005539597319721423
2023-08-30 09:57:44.551672712,-0.0002339040389685021
2023-08-30 10:33:32.396586761,1.332455538283206e-05
2023-08-30 13:48:23.633930758,0.003228170504031791
2023-08-31 10:36:11.376283973,0.0036012114445842514
2023-09-01 04:36:26.584158629,0.0016104100344704886
2023-09-01 17:02:20.914881617,-0.0005212249394904722
2023-09-01 21:08:08.433296546,-0.0002319466797922054
2023-09-01 22:36:24.317780301,-0.0005990148293413267
2023-09-02 23:23:36.340867147,0.0001983822674751501
2023-09-04 06:07:33.380396888,0.003908548143071844
2023-09-04 09:25:29.402219355,-0.00018859884400435067
2023-09-05 14:15:25.266878306,0.0012573178010253372
2023-09-05 20:19:54.856536597,-0.00036433458390705553
2023-09-06 04:19:08.121483281,-0.00026097379877876303
2023-09-06 10:20:28.418160811,-0.0007239400579081012
2023-09-06 11:57:00.011044741,-0.0006572542447201846
2023-09-06 13:38:30.035147280,-0.00019351463010142123
2023-09-06 15:48:46.061620831,-0.00048217594212107695
2023-09-07 00:43:36.328933388,-0.0002050214375004522
2023-09-07 03:40:38.474392503,-9.99094133669054e-05
2023-09-07 04:32:32.971653119,-5.6186503799238174e-05
2023-09-07 06:09:27.730549917,-0.0006127333265222301
2023-09-07 11:07:07.208848238,-0.001073166651257229
2023-09-07 18:57:52.609326988,-0.0007535273874155202
2023-09-08 00:57:56.286331773,-0.00018548372608573338
2023-09-08 05:56:59.423346341,-0.00018227957951144624
2023-09-08 11:43:46.548897669,-0.0011033641927780113
2023-09-08 12:39:15.145460159,-0.00015577974531544303
2023-09-08 19:19:54.097289011,-0.0004167800548644518
2023-09-09 22:40:34.671735018,0.0023563364046312874
2023-09-10 05:15:15.612235278,-0.0009552409412756369
2023-09-10 07:32:30.035692632,-0.0009047951908408569
2023-09-10 14:32:51.000830993,-0.00014768204559667542
2023-09-10 17:03:09.303093791,-0.00035003869913863284
2023-09-11 02:47:39.289506003,8.440676701026995e-05
2023-09-11 05:48:55.404416323,7.825297592223279e-05
2023-09-11 11:44:28.531476229,0.0003739991931563935
2023-09-11 23:57:09.366100490,-0.00019873690418170664
2023-09-12 05:17:42.832382634,-0.0008583457838188258
2023-09-12 10:05:47.696431428,-4.162871823398806e-05
2023-09-12 23:01:32.347938180,-0.0006129982974885095
2023-09-13 12:45:24.895876899,-6.290489578375524e-05
2023-09-14 01:47:24.096913695,-0.0004950266592533836
2023-09-14 02:14:10.116264254,5.106141225841299e-06
2023-09-14 03:58:30.666136384,-2.1134080633977703e-05
2023-09-14 16:39:32.255520910,0.001011328783912413
2023-09-14 19:59:19.302207872,6.017478085262873e-05
2023-09-15 01:45:42.365458146,-0.00041486774971943863
2023-09-15 06:45:29.224697575,-7.970540608848165e-05
2023-09-15 19:47:32.635116667,-0.0011543543020763325
2023-09-15 21:33:35.482410103,-2.4014077761758124e-05
2023-09-16 01:04:52.177499965,-0.0002102751098232991
2023-09-16 04:08:37.648234949,-0.00024644604488432975
2023-09-16 17:46:03.302612543,-8.93854149586204e-08
2023-09-17 10:31:18.457944557,0.0036158809057564856
2023-09-17 15:46:36.386339664,-0.0006925114628949514
2023-09-18 00:07:31.308745861,0.0012717203326080284
2023-09-18 08:12:31.510821015,0.0007444820756365989
2023-09-18 20:42:33.253839567,0.0017784841397745499
2023-09-19 14:23:08.173280209,0.0008653013881880778
2023-09-20 05:43:40.451771423,-0.000799667642584101
2023-09-20 08:37:01.647101909,-0.0002326110244920132
2023-09-20 10:04:17.448866010,-0.00020951035219551883
2023-09-20 11:46:44.947476298,-0.0002206659867595162
2023-09-20 22:41:27.166387931,0.00246233028572429
2023-09-21 06:40:18.775492325,0.0006008773901686748
2023-09-21 08:14:05.841236845,-0.00024144902855094408
2023-09-21 19:44:07.475320444,0.0022625219525629348
2023-09-22 03:17:05.145234436,-0.0010134081144824725
2023-09-22 04:19:39.549328834,8.976177560859888e-05
2023-09-22 06:06:18.566045076,-0.00028166713743738025
2023-09-22 07:17:43.059547231,0.00017890443975998593
2023-09-22 21:33:22.315417826,-0.00031192714015093603
2023-09-23 15:51:25.799406454,-0.0009100458933560818
2023-09-23 17:56:27.253906146,-0.000964589851580322
2023-09-24 00:25:00.706681550,-0.00023084130632400335
2023-09-24 05:15:28.615031660,-0.00017527141389306333
2023-09-24 12:24:58.078561366,-0.0012400625790974784
2023-09-25 02:34:35.867514342,0.0005087467195421524
2023-09-25 06:29:59.985955521,-0.0005987002902718697
2023-09-25 11:29:36.463602588,0.0008855596226668982
2023-09-25 12:54:49.581588730,-1.2359617431290104e-05
2023-09-25 21:16:45.754993781,3.8070905415077405e-05
2023-09-26 04:57:42.687877253,-0.0007887290965703508
2023-09-26 12:13:09.361245528,-0.0008205981322768618
2023-09-26 13:57:08.417127639,-0.0001348615740078829
2023-09-26 15:34:46.141785249,0.00015862338579175628
2023-09-26 19:26:37.512420639,-0.0001245224064277961
2023-09-27 00:28:42.480075330,0.0006799242909694136
2023-09-27 08:47:12.999831066,0.0007532248428594457
2023-09-27 11:36:15.903041095,0.0014480770914295782
2023-09-27 16:48:17.247304365,-0.0010098276843147902
2023-09-27 18:14:19.500162274,-5.999999999994898e-05
